-- phpMyAdmin SQL Dump
-- version 4.6.6deb5
-- https://www.phpmyadmin.net/
--
-- Host: localhost:8889
-- Generation Time: Jun 04, 2020 at 02:49 AM
-- Server version: 5.7.30-0ubuntu0.18.04.1
-- PHP Version: 7.2.31-1+ubuntu18.04.1+deb.sury.org+1

SET SQL_MODE = "NO_AUTO_VALUE_ON_ZERO";
SET time_zone = "+00:00";


/*!40101 SET @OLD_CHARACTER_SET_CLIENT=@@CHARACTER_SET_CLIENT */;
/*!40101 SET @OLD_CHARACTER_SET_RESULTS=@@CHARACTER_SET_RESULTS */;
/*!40101 SET @OLD_COLLATION_CONNECTION=@@COLLATION_CONNECTION */;
/*!40101 SET NAMES utf8mb4 */;

--
-- Database: `ta_jalil`
--

DELIMITER $$
--
-- Functions
--
CREATE DEFINER=`debian-sys-maint`@`localhost` FUNCTION `DetermineCategory` (`point` FLOAT) RETURNS VARCHAR(20) CHARSET latin1 BEGIN
    DECLARE s VARCHAR(20);
    DECLARE roundedPoint FLOAT;
    
    SET roundedPoint = ROUND(point * 100, 2);

    IF roundedPoint < 30 THEN SET s = 'Rusak Ringan';
    ELSEIF roundedPoint > 20 AND roundedPoint < 65 THEN SET s = 'Rusak Sedang';
    ELSE SET s = 'Rusak Berat';
    END IF;

    RETURN s;
  END$$

DELIMITER ;

-- --------------------------------------------------------

--
-- Table structure for table `hasil`
--

CREATE TABLE `hasil` (
  `NIK` varchar(20) NOT NULL,
  `Nama` varchar(25) NOT NULL,
  `desa` varchar(20) NOT NULL,
  `Dusun` varchar(12) NOT NULL,
  `Nilai` float NOT NULL
) ENGINE=InnoDB DEFAULT CHARSET=latin1;

--
-- Dumping data for table `hasil`
--

INSERT INTO `hasil` (`NIK`, `Nama`, `desa`, `Dusun`, `Nilai`) VALUES
('7203101611850003', 'Aslan', 'Kanuna', '  III', 0.57),
('7209051111950003', 'Ali Lajante', 'Kanuna', 'I', 0.629366),
('7210000000000000', 'Bunyi', 'Kanuna', 'I', 0.592348),
('72100134107900010', 'Foma', 'Kanuna', 'I', 0.463353),
('7210022460560001', 'Darni', 'Kanuna', 'I ', 0.552649),
('7210031206900002', 'Andi Moh.Rustam', 'Kanuna', 'I', 0.484257),
('7210072904510001', 'Bacco', 'Kanuna', 'I', 0.541861),
('7210101101690001', 'Nusli', 'Kanuna', 'I', 0.435859),
('7210106167900001', 'Adi', 'Kanuna', 'I', 0.558662),
('7210110156900001', 'Nur Harida', 'Kanuna', 'I', 0.423548),
('7210110238700001', 'Asman', 'Kanuna', 'I', 0.502065),
('7210130107580005', 'Djadisusa', 'Kanuna', 'III', 0.560784),
('7210130107610012', 'Atiya', 'Kanuna', 'III', 0.594837),
('7210130107650010', 'Jambu', 'Kanuna', 'III', 0.559176),
('7210130107680021', 'Asaria', 'Kanuna', 'III', 0.533105),
('7210130107700039', 'Laisa', 'Kanuna', 'II', 0.416901),
('7210130107710010', 'Tasman', 'Kanuna', 'I', 0.385586),
('7210130107710015', 'Pesmin', 'Kanuna', 'II', 0.629975),
('7210130107720013', 'Tapu', 'Kanuna', 'II ', 0.315951),
('7210130107720023', 'Roslin', 'Kanuna', 'II', 0.374413),
('7210130107720024', 'Nasir', 'Kanuna', 'III', 0.555569),
('7210130107750052', 'Jasi', 'Kanuna', 'II ', 0.494249),
('7210130107760024', 'Asma', 'Kanuna', 'III', 0.602427),
('7210130107770044', 'Faisal', 'Kanuna', 'III', 0.863906),
('7210130107780005', 'Sape', 'Kanuna', 'I', 0.512486),
('7210130107790014', 'Harmin', 'Kanuna', 'II', 0.416901),
('7210130107800011', 'Walid', 'Kanuna', 'III', 0.447894),
('7210130107800046', 'Arman', 'Kanuna', 'III', 0.455983),
('7210130107830003', 'Ofin', 'Kanuna', 'II', 0.580745),
('7210130107830030', 'Pance', 'Kanuna', 'III', 0.416993),
('7210130107830034', 'Firman', 'Kanuna', 'I', 0.476944),
('7210130107860001', 'Heli', 'Kanuna', 'III', 0.567619),
('7210130107860006', 'Eki', 'Kanuna', 'II', 0.50362),
('7210130107860026', 'Misla', 'Kanuna', 'III', 0.342484),
('7210130107870002', 'Panyo', 'Kanuna', 'III', 0.439011),
('7210130107880017', 'Uni', 'Kanuna', 'II ', 0.25271),
('7210130107890001', 'Ongi', 'Kanuna', 'I ', 0.44299),
('7210130107890023', 'Paiye', 'Kanuna', 'III', 0.632384),
('7210130107900023', 'Rimes', 'Kanuna', 'I', 0.473627),
('7210130107930003', 'Ocah', 'Kanuna', 'III', 0.580745),
('7210130107940016', 'Ira', 'Kanuna', 'III', 0.569023),
('7210130112900003', 'Efan 2', 'Kanuna', 'I', 0.485285),
('72101301301077900', 'Alanta', 'Kanuna', 'III', 0.57018),
('7210130150880001', 'Mohammad Ibrahim', 'Kanuna', 'II', 0.513107),
('7210130177710003', 'Anta', 'Kanuna', 'II', 0.594943),
('7210130205650001', 'Sumran', 'Kanuna', 'I ', 0.351046),
('7210130304920001', 'Rizal', 'Kanuna', 'I', 0.50367),
('7210130305720001', 'Adi', 'Kanuna', 'I', 0.468581),
('7210130312820001', 'Yao', 'Kanuna', 'I', 0.368324),
('7210130404810002', 'Yosar', 'Kanuna', 'I', 0.406772),
('7210130505650001', 'Pendi', 'Kanuna', 'I', 0.386502),
('7210130506700001', 'Asmin G', 'Kanuna', 'I', 0.585408),
('7210130607820001', 'Amarrudin', 'Kanuna', 'I', 0.46496),
('7210130703730001', 'Nur Janna', 'Kanuna', 'I', 0.433629),
('7210130707770004', 'Dani', 'Kanuna', 'I', 0.378621),
('72101307078810001', 'Jalman', 'Kanuna', 'III', 0.314555),
('7210130708700001', 'Arwan', 'Kanuna', 'I', 0.47958),
('7210130708930002', 'Pakora', 'Kanuna', 'I', 0.502843),
('7210130710750001', 'Alex', 'Kanuna', 'I', 0.408078),
('7210130710750005', 'Safari', 'Kanuna', 'I', 0.621123),
('7210130712930001', 'Rinto', 'Kanuna', 'III', 0.618561),
('72101308000700001', 'Dasri', 'Kanuna', 'I', 0.62202),
('7210130808730001', 'Mirlan', 'Kanuna', 'III', 0.4933),
('7210130808990001', 'Candra', 'Kanuna', 'I', 0.465517),
('7210130904820001', 'Nasrin', 'Kanuna', 'II', 0.445893),
('7210130909610001', 'Boja', 'Kanuna', 'I', 0.457585),
('7210130909740001', 'Jonni', 'Kanuna', 'I', 0.368007),
('7210130909790002', 'Iwan', 'Kanuna', 'II ', 0.447622),
('7210130909790003', 'Fauzan g kanimpe', 'Kanuna', 'II', 0.373794),
('7210131002800001', 'Asbina', 'Kanuna', 'I ', 0.470081),
('7210131005730001', 'Suadi', 'Kanuna', 'I', 0.596506),
('721013101820001', 'Ato', 'Kanuna', 'I', 0.392933),
('721013107700034', 'Ulami', 'Kanuna', 'II  ', 0.379763),
('7210131206670001', 'Abdul latif', 'Kanuna', 'II', 0.465538),
('7210131209940001', 'Fitra', 'Kanuna', 'II', 0.518544),
('7210131504790001', 'Fahmi', 'Kanuna', 'I', 0.473869),
('7210131610950001', 'Indra yanto', 'Kanuna', 'I', 0.48434),
('7210131706800001', 'Yusuf', 'Kanuna', 'III', 0.426515),
('7210131706890002', 'Efan', 'Kanuna', 'III', 0.376207),
('7210132007770001', 'Rudi', 'Kanuna', 'I', 0.475197),
('7210132208710001', 'Amma', 'Kanuna', 'I ', 0.584485),
('7210132208710002', 'Siki', 'Kanuna', 'I', 0.488238),
('7210132208710003', 'Yupa', 'Kanuna', 'I', 0.34113),
('7210132212840001', 'Frans', 'Kanuna', 'II', 0.352935),
('7210132512890001', 'Minsyari Nafsi', 'Kanuna', 'I', 0.658532),
('7210132758890001', 'Betti', 'Kanuna', 'I', 0.381671),
('7210133017840002', 'Risman', 'Kanuna', 'I', 0.396201),
('7210133103700001', 'Pidi', 'Kanuna', 'I', 0.506028),
('7210133112470001', 'Sayu', 'Kanuna', 'I', 0.356857),
('7210134107460006', 'Intan', 'Kanuna', 'I', 0.495293),
('7210134107570002', 'Haeria', 'Kanuna', 'II', 0.509637),
('7210134107580015', 'Masiriya', 'Kanuna', 'I', 0.336877),
('7210134107670009', 'Teteria', 'Kanuna', 'III ', 0.426499),
('7210134107670054', 'Satria', 'Kanuna', 'II', 0.298813),
('7210134107710015', 'Indah', 'Kanuna', 'II', 0.48476),
('7210134107770015', 'Suharni', 'Kanuna', 'II', 0.292682),
('7210134107790007', 'Bentar', 'Kanuna', 'I', 0.519783),
('7210134107880030', 'Ingke', 'Kanuna', 'III', 0.549047),
('7210134112930001', 'Reskika', 'Kanuna', 'I', 0.420991),
('7210134705580001', 'Yeda', 'Kanuna', 'I', 0.428283),
('7210135001730003', 'Marida', 'Kanuna', 'II', 0.60649),
('721130504700001', 'Alini', 'Kanuna', 'I ', 0.446889);

-- --------------------------------------------------------

--
-- Table structure for table `login`
--

CREATE TABLE `login` (
  `Username` varchar(10) NOT NULL,
  `Password` int(11) NOT NULL,
  `level` varchar(11) NOT NULL
) ENGINE=InnoDB DEFAULT CHARSET=latin1;

--
-- Dumping data for table `login`
--

INSERT INTO `login` (`Username`, `Password`, `level`) VALUES
('kabid', 123, 'kabid'),
('pegawai', 1, 'pegawai');

-- --------------------------------------------------------

--
-- Table structure for table `masyarakat`
--

CREATE TABLE `masyarakat` (
  `NIK` varchar(20) NOT NULL,
  `Nama` varchar(25) NOT NULL,
  `Jenis_Kelamin` varchar(20) NOT NULL,
  `Desa` varchar(30) NOT NULL,
  `Dusun` varchar(11) NOT NULL,
  `Status` varchar(20) NOT NULL
) ENGINE=InnoDB DEFAULT CHARSET=latin1;

--
-- Dumping data for table `masyarakat`
--

INSERT INTO `masyarakat` (`NIK`, `Nama`, `Jenis_Kelamin`, `Desa`, `Dusun`, `Status`) VALUES
('7203101611850003', 'Aslan', 'Laki-laki', 'Kanuna', 'III', 'SUDAH SURVEI'),
('7209051111950003', 'Ali Lajante', 'Laki-Laki', 'Kanuna', 'I', 'SUDAH SURVEI'),
('7210000000000000', 'Bunyi', 'Laki-laki', 'Kanuna', 'I', 'SUDAH SURVEI'),
('72100134107900010', 'Foma', 'Laki-laki', 'Kanuna', 'I', 'SUDAH SURVEI'),
('7210022460560001', 'Darni', 'Laki-laki', 'Kanuna', 'I ', 'SUDAH SURVEI'),
('7210031206900002', 'Andi Moh.Rustam', 'Laki-laki', 'Kanuna', 'I', 'SUDAH SURVEI'),
('7210072904510001', 'Bacco', 'Laki-laki', 'Kanuna', 'I', 'SUDAH SURVEI'),
('7210101101690001', 'Nusli', 'Laki-laki', 'Kanuna', 'I', 'SUDAH SURVEI'),
('7210106167900001', 'Adi', 'Laki-laki', 'Kanuna', 'I', 'SUDAH SURVEI'),
('7210110156900001', 'Nur Harida', 'Perempuan', 'Kanuna', 'I', 'SUDAH SURVEI'),
('7210110238700001', 'Asman', 'Laki-laki', 'Kanuna', 'I', 'SUDAH SURVEI'),
('7210130107580005', 'Djadisusa', 'Laki-laki', 'Kanuna', 'III', 'SUDAH SURVEI'),
('7210130107610012', 'Atiya', 'Perempuan', 'Kanuna', 'III', 'SUDAH SURVEI'),
('7210130107650010', 'Jambu', 'Laki-laki', 'Kanuna', 'III', 'SUDAH SURVEI'),
('7210130107680021', 'Asaria', 'Laki-laki', 'Kanuna', 'III', 'SUDAH SURVEI'),
('7210130107700039', 'Laisa', 'Laki-laki', 'Kanuna', 'II', 'SUDAH SURVEI'),
('7210130107710010', 'Tasman', 'Laki-laki', 'Kanuna', 'I', 'SUDAH SURVEI'),
('7210130107710015', 'Pesmin', 'Laki-laki', 'Kanuna', 'II', 'SUDAH SURVEI'),
('7210130107720013', 'Tapu', 'Laki-laki', 'Kanuna', 'II ', 'SUDAH SURVEI'),
('7210130107720023', 'Roslin', 'Laki-laki', 'Kanuna', 'II', 'SUDAH SURVEI'),
('7210130107720024', 'Nasir', 'Laki-laki', 'Kanuna', 'III', 'SUDAH SURVEI'),
('7210130107750052', 'Jasi', 'Laki-laki', 'Kanuna', 'II ', 'SUDAH SURVEI'),
('7210130107760024', 'Asma', 'Laki-laki', 'Kanuna', 'III', 'SUDAH SURVEI'),
('7210130107770044', 'Faisal', 'Laki-laki', 'Kanuna', 'III', 'SUDAH SURVEI'),
('7210130107780005', 'Sape', 'Laki-laki', 'Kanuna', 'I', 'SUDAH SURVEI'),
('7210130107790014', 'Harmin', 'Laki-laki', 'Kanuna', 'II', 'SUDAH SURVEI'),
('7210130107800011', 'Walid', 'Laki-laki', 'Kanuna', 'III', 'SUDAH SURVEI'),
('7210130107800046', 'Arman', 'Laki-laki', 'Kanuna', 'III', 'SUDAH SURVEI'),
('7210130107830003', 'Ofin', 'Laki-laki', 'Kanuna', 'II', 'SUDAH SURVEI'),
('7210130107830030', 'Pance', 'Laki-laki', 'Kanuna', 'III', 'SUDAH SURVEI'),
('7210130107830034', 'Firman', 'Laki-laki', 'Kanuna', 'I', 'SUDAH SURVEI'),
('7210130107860001', 'Heli', 'Perempuan', 'Kanuna', 'III', 'SUDAH SURVEI'),
('7210130107860006', 'Eki', 'Laki-laki', 'Kanuna', 'II', 'SUDAH SURVEI'),
('7210130107860026', 'Misla', 'Laki-laki', 'Kanuna', 'III', 'SUDAH SURVEI'),
('7210130107870002', 'Panyo', 'Laki-laki', 'Kanuna', 'III', 'SUDAH SURVEI'),
('7210130107880017', 'Uni', 'Perempuan', 'Kanuna', 'II ', 'SUDAH SURVEI'),
('7210130107890001', 'Ongi', 'Laki-laki', 'Kanuna', 'I ', 'SUDAH SURVEI'),
('7210130107890023', 'Paiye', 'Laki-laki', 'Kanuna', 'III', 'SUDAH SURVEI'),
('7210130107900023', 'Rimes', 'Laki-laki', 'Kanuna', 'I', 'SUDAH SURVEI'),
('7210130107930003', 'Ocah', 'Laki-laki', 'Kanuna', 'III', 'SUDAH SURVEI'),
('7210130107940016', 'Ira', 'Laki-laki', 'Kanuna', 'III', 'SUDAH SURVEI'),
('7210130112900003', 'Efan 2', 'Laki-laki', 'Kanuna', 'I', 'SUDAH SURVEI'),
('72101301301077900', 'Alanta', 'Laki-laki', 'Kanuna', 'III', 'SUDAH SURVEI'),
('7210130150880001', 'Mohammad Ibrahim', 'Laki-laki', 'Kanuna', 'II', 'SUDAH SURVEI'),
('7210130177710003', 'Anta', 'Laki-laki', 'Kanuna', 'II', 'SUDAH SURVEI'),
('7210130205650001', 'Sumran', 'Laki-laki', 'Kanuna', 'I ', 'SUDAH SURVEI'),
('7210130304920001', 'Rizal', 'Laki-laki', 'Kanuna', 'I', 'SUDAH SURVEI'),
('7210130305720001', 'Adi', 'Laki-laki', 'Kanuna', 'I', 'SUDAH SURVEI'),
('7210130312820001', 'Yao', 'Laki-laki', 'Kanuna', 'I', 'SUDAH SURVEI'),
('7210130404810002', 'Yosar', 'Laki-laki', 'Kanuna', 'I', 'SUDAH SURVEI'),
('7210130505650001', 'Pendi', 'Laki-laki', 'Kanuna', 'I', 'SUDAH SURVEI'),
('7210130506700001', 'Asmin G', 'Laki-laki', 'Kanuna', 'I', 'SUDAH SURVEI'),
('7210130607820001', 'Amarrudin', 'Laki-laki', 'Kanuna', 'I', 'SUDAH SURVEI'),
('7210130703730001', 'Nur Janna', 'Perempuan', 'Kanuna', 'I', 'SUDAH SURVEI'),
('7210130707770004', 'Dani', 'Laki-laki', 'Kanuna', 'I', 'SUDAH SURVEI'),
('72101307078810001', 'Jalman', 'Laki-laki', 'Kanuna', 'III', 'SUDAH SURVEI'),
('7210130708700001', 'Arwan', 'Laki-laki', 'Kanuna', 'I', 'SUDAH SURVEI'),
('7210130708930002', 'Pakora', 'Laki-laki', 'Kanuna', 'I', 'SUDAH SURVEI'),
('7210130710750001', 'Alex', 'Laki-laki', 'Kanuna', 'I', 'SUDAH SURVEI'),
('7210130710750005', 'Safari', 'Laki-laki', 'Kanuna', 'I', 'SUDAH SURVEI'),
('7210130712930001', 'Rinto', 'Laki-laki', 'Kanuna', 'III', 'SUDAH SURVEI'),
('72101308000700001', 'Dasri', 'Laki-laki', 'Kanuna', 'I', 'SUDAH SURVEI'),
('7210130808730001', 'Mirlan', 'Laki-laki', 'Kanuna', 'III', 'SUDAH SURVEI'),
('7210130808990001', 'Candra', 'Laki-Laki', 'Kanuna', 'I', 'SUDAH SURVEI'),
('7210130904820001', 'Nasrin', 'Laki-laki', 'Kanuna', 'II', 'SUDAH SURVEI'),
('7210130909610001', 'Boja', 'Laki-laki', 'Kanuna', 'I', 'SUDAH SURVEI'),
('7210130909740001', 'Jonni', 'Laki-laki', 'Kanuna', 'I', 'SUDAH SURVEI'),
('7210130909790002', 'Iwan', 'Laki-laki', 'Kanuna', 'II ', 'SUDAH SURVEI'),
('7210130909790003', 'Fauzan g kanimpe', 'Laki-laki', 'Kanuna', 'II', 'SUDAH SURVEI'),
('7210131002800001', 'Asbina', 'Perempuan', 'Kanuna', 'I ', 'SUDAH SURVEI'),
('7210131005730001', 'Suadi', 'Laki-laki', 'Kanuna', 'I', 'SUDAH SURVEI'),
('721013101820001', 'Ato', 'Laki-laki', 'Kanuna', 'I', 'SUDAH SURVEI'),
('721013107700034', 'Ulami', 'Laki-laki', 'Kanuna', 'II  ', 'SUDAH SURVEI'),
('7210131206670001', 'Abdul latif', 'Laki-laki', 'Kanuna', 'II', 'SUDAH SURVEI'),
('7210131209940001', 'Fitra', 'Laki-laki', 'Kanuna', 'II', 'SUDAH SURVEI'),
('7210131504790001', 'Fahmi', 'Laki-laki', 'Kanuna', 'I', 'SUDAH SURVEI'),
('7210131610950001', 'Indra yanto', 'Laki-laki', 'Kanuna', 'I', 'SUDAH SURVEI'),
('7210131706800001', 'Yusuf', 'Laki-laki', 'Kanuna', 'III', 'SUDAH SURVEI'),
('7210131706890002', 'Efan', 'Laki-laki', 'Kanuna', 'III', 'SUDAH SURVEI'),
('7210132007770001', 'Rudi', 'Laki-laki', 'Kanuna', 'I', 'SUDAH SURVEI'),
('7210132208710001', 'Amma', 'Perempuan', 'Kanuna', 'I ', 'SUDAH SURVEI'),
('7210132208710002', 'Siki', 'Laki-laki', 'Kanuna', 'I', 'SUDAH SURVEI'),
('7210132208710003', 'Yupa', 'Laki-laki', 'Kanuna', 'I', 'SUDAH SURVEI'),
('7210132212840001', 'Frans', 'Laki-laki', 'Kanuna', 'II', 'SUDAH SURVEI'),
('7210132512890001', 'Minsyari Nafsi', 'Laki-laki', 'Kanuna', 'I', 'SUDAH SURVEI'),
('7210132758890001', 'Betti', 'Perempuan', 'Kanuna', 'I', 'SUDAH SURVEI'),
('7210133017840002', 'Risman', 'Laki-laki', 'Kanuna', 'I', 'SUDAH SURVEI'),
('7210133103700001', 'Pidi', 'Laki-laki', 'Kanuna', 'I', 'SUDAH SURVEI'),
('7210133112470001', 'Sayu', 'Laki-laki', 'Kanuna', 'I', 'SUDAH SURVEI'),
('7210134107460006', 'Intan', 'Perempuan', 'Kanuna', 'I', 'SUDAH SURVEI'),
('7210134107570002', 'Haeria', 'Perempuan', 'Kanuna', 'II', 'SUDAH SURVEI'),
('7210134107580015', 'Masiriya', 'Perempuan', 'Kanuna', 'I', 'SUDAH SURVEI'),
('7210134107670009', 'Teteria', 'Laki-laki', 'Kanuna', 'III ', 'SUDAH SURVEI'),
('7210134107670054', 'Satria', 'Laki-laki', 'Kanuna', 'II', 'SUDAH SURVEI'),
('7210134107710015', 'Indah', 'Perempuan', 'Kanuna', 'II', 'SUDAH SURVEI'),
('7210134107770015', 'Suharni', 'Perempuan', 'Kanuna', 'II', 'SUDAH SURVEI'),
('7210134107790007', 'Bentar', 'Laki-laki', 'Kanuna', 'I', 'SUDAH SURVEI'),
('7210134107880030', 'Ingke', 'Laki-laki', 'Kanuna', 'III', 'SUDAH SURVEI'),
('7210134112930001', 'Reskika', 'Perempuan', 'Kanuna', 'I', 'SUDAH SURVEI'),
('7210134705580001', 'Yeda', 'Perempuan', 'Kanuna', 'I', 'SUDAH SURVEI'),
('7210135001730003', 'Marida', 'Perempuan', 'Kanuna', 'II', 'SUDAH SURVEI'),
('721130504700001', 'Alini', 'Laki-laki', 'Kanuna', 'I ', 'SUDAH SURVEI');

-- --------------------------------------------------------

--
-- Table structure for table `tab_kriteria`
--

CREATE TABLE `tab_kriteria` (
  `id_kriteria` int(10) NOT NULL,
  `nama_kriteria` varchar(50) NOT NULL,
  `bobot` float NOT NULL
) ENGINE=InnoDB DEFAULT CHARSET=latin1;

--
-- Dumping data for table `tab_kriteria`
--

INSERT INTO `tab_kriteria` (`id_kriteria`, `nama_kriteria`, `bobot`) VALUES
(1, 'Pondasi', 20),
(2, 'Sloof', 20),
(3, 'Kondisi Kolom', 20),
(4, 'Kondisi Balok', 20),
(5, 'Kondisi Stuktur Atap', 20),
(6, 'Jendela/ Lubang cahaya', 20),
(7, 'Ventilasi', 20),
(8, 'Kepemilikan Kamar mandi dan WC', 20),
(9, 'Jarak Sumber Air Minum', 20),
(10, 'Sumber Air Minum', 10),
(11, 'Sumber Listrik', 10),
(12, 'Luas Rumah (M2)', 20),
(13, 'Jumlah Penghuni (Orang)', 20),
(14, 'Material Atap Terluas', 20),
(15, 'Kondisi Penutup Atap', 20),
(16, 'Material Dinding Terluas Orang', 10),
(17, 'Kondisi Dinding', 20),
(18, 'Material Lantai Terluas', 10),
(19, 'Kondisi Lantai', 20);

-- --------------------------------------------------------

--
-- Table structure for table `tab_poin`
--

CREATE TABLE `tab_poin` (
  `id_poin` varchar(25) NOT NULL,
  `poin` varchar(10) NOT NULL
) ENGINE=InnoDB DEFAULT CHARSET=latin1;

--
-- Dumping data for table `tab_poin`
--

INSERT INTO `tab_poin` (`id_poin`, `poin`) VALUES
('7203101611', '0.07593293'),
('7209051111', '0.07965041'),
('7210000000', '0.07367565'),
('7210013410', '0.05762102'),
('7210022460', '0.07595475'),
('7210031206', '0.06256108'),
('7210072904', '0.06782762'),
('7210101101', '0.05394893'),
('7210106167', '0.07332895'),
('7210110156', '0.05369745'),
('7210110238', '0.06775736'),
('7210130107', '0.07328842'),
('7210130112', '0.06026485'),
('7210130130', '0.07533715'),
('7210130150', '0.07059212'),
('7210130177', '0.07980808'),
('7210130205', '0.04238790'),
('7210130304', '0.06491705'),
('7210130305', '0.05916963'),
('7210130312', '0.04446974'),
('7210130404', '0.05355847'),
('7210130505', '0.04933829'),
('7210130506', '0.07406339'),
('7210130607', '0.06353766'),
('7210130703', '0.05211999'),
('7210130707', '0.04731937'),
('7210130708', '0.06199029'),
('7210130710', '0.05102336'),
('7210130712', '0.08614296'),
('7210130800', '0.07888074'),
('7210130808', '0.06538435'),
('7210130904', '0.05479302'),
('7210130909', '0.06256271'),
('7210131002', '0.06259511'),
('7210131005', '0.08208342'),
('7210131018', '0.05086294'),
('7210131077', '0.04699784'),
('7210131206', '0.06035356'),
('7210131209', '0.06631737'),
('7210131504', '0.06158422'),
('7210131610', '0.06127712'),
('7210131706', '0.05476809'),
('7210132007', '0.05860616'),
('7210132208', '0.07971001'),
('7210132212', '0.04307848'),
('7210132512', '0.08328913'),
('7210132758', '0.04994205'),
('7210133017', '0.05178494'),
('7210133103', '0.06681117'),
('7210133112', '0.04341904'),
('7210134107', '0.06295560'),
('7210134112', '0.05466909'),
('7210134705', '0.05635173'),
('7210135001', '0.08298483'),
('7211305047', '0.05546630');

-- --------------------------------------------------------

--
-- Table structure for table `tab_sub`
--

CREATE TABLE `tab_sub` (
  `id_kriteria_sub` int(11) NOT NULL,
  `id_kriteria` int(11) NOT NULL,
  `nama_kriteria` varchar(25) NOT NULL,
  `sub_kriteria` varchar(25) NOT NULL,
  `nilai_sub` int(11) NOT NULL
) ENGINE=InnoDB DEFAULT CHARSET=latin1;

--
-- Dumping data for table `tab_sub`
--

INSERT INTO `tab_sub` (`id_kriteria_sub`, `id_kriteria`, `nama_kriteria`, `sub_kriteria`, `nilai_sub`) VALUES
(24, 2, 'Sloof', 'Baik', 10),
(27, 1, 'Pondasi', 'Baik', 10),
(31, 2, 'Sloof', 'Rusak Ringan', 40),
(32, 2, 'Sloof', 'Rusak Sedang/ Sebagian', 60),
(33, 2, 'Sloof', 'Rusak Berat/ Seluruhnya', 80),
(34, 2, 'Sloof', 'Tidak Ada', 100),
(35, 3, 'Kondisi Kolom', 'Baik', 10),
(36, 3, 'Kondisi Kolom', 'Rusak Ringan', 40),
(37, 3, 'Kondisi Kolom', 'Rusak Sedang/ Sebagian', 60),
(38, 3, 'Kondisi Kolom', 'Rusak Berat/ Seluruhnya', 80),
(39, 3, 'Kondisi Kolom', 'Tidak Ada', 100),
(45, 5, 'Kondisi Stuktur Atap', 'Baik', 10),
(46, 4, 'Kondisi Balok', 'Baik', 10),
(47, 4, 'Kondisi Balok', 'Rusak Ringan', 40),
(48, 4, 'Kondisi Balok', 'Rusak Sedang/ Sebagian', 60),
(49, 4, 'Kondisi Balok', 'Rusak Berat/ Seluruhnya', 80),
(50, 4, 'Kondisi Balok', 'Tidak Ada', 100),
(51, 5, 'Kondisi Stuktur Atap', 'Rusak Ringan', 40),
(54, 5, 'Kondisi Stuktur Atap', 'Rusak Sedang/ Sebagian', 60),
(55, 5, 'Kondisi Stuktur Atap', 'Rusak Berat/ Seluruhnya', 80),
(56, 5, 'Kondisi Stuktur Atap', 'Tidak Ada', 100),
(57, 6, 'Jendela/ Lubang cahaya', 'Ada, Mencukupi', 10),
(58, 6, 'Jendela/ Lubang cahaya', 'Ada, Tidak Mencukupi', 50),
(59, 6, 'Jendela/ Lubang cahaya', 'Tidak Ada', 100),
(60, 7, 'Ventilasi', 'Ada, Mencukupi', 10),
(61, 7, 'Ventilasi', 'Ada, Tidak Mencukupi', 50),
(62, 7, 'Ventilasi', 'Tidak Ada', 100),
(63, 8, 'Kepemilikan Kamar mandi d', 'Sendiri', 10),
(64, 8, 'Kepemilikan Kamar mandi d', 'Bersama/ MCK Komunal', 50),
(65, 8, 'Kepemilikan Kamar mandi d', 'Tidak Ada', 100),
(66, 9, 'Jarak Sumber Air Minum', 'Kurang Dari 10 Meter', 10),
(67, 9, 'Jarak Sumber Air Minum', 'Lebih Dari 10 Meter', 40),
(68, 10, 'Sumber Air Minum', 'PDAM', 10),
(69, 10, 'Sumber Air Minum', 'Air Kemasan/ Isi Ulang', 40),
(70, 10, 'Sumber Air Minum', 'Sumur', 60),
(71, 1, 'Pondasi', 'Rusak Ringan', 40),
(72, 1, 'Pondasi', 'Rusak Sedang/ Sebagian', 60),
(73, 1, 'Pondasi', 'Rusak Berat/ Seluruhnya', 80),
(74, 1, 'Pondasi', 'Tidak Ada', 100),
(75, 10, 'Sumber Air Minum', 'Mata Air', 80),
(76, 10, 'Sumber Air Minum', 'Air Hujan', 100),
(77, 11, 'Sumber Listrik', 'PlN Dengan Meteran', 10),
(78, 11, 'Sumber Listrik', 'PLN Tanpa Meteran', 60),
(79, 11, 'Sumber Listrik', 'Listrik Non PLN', 80),
(80, 11, 'Sumber Listrik', 'Bukan Listrik', 100),
(81, 12, 'Luas Rumah (M2)', '36 m2', 10),
(82, 12, 'Luas Rumah (M2)', '<36 m2', 50),
(83, 13, 'Jumlah Penghuni (Orang)', '4 Orang', 10),
(84, 13, 'Jumlah Penghuni (Orang)', '>4 Orang', 50),
(85, 14, 'Material Atap Terluas', 'Genteng', 50),
(86, 14, 'Material Atap Terluas', 'Asbes', 50),
(87, 14, 'Material Atap Terluas', 'Seng', 50),
(88, 14, 'Material Atap Terluas', 'Jerami', 100),
(89, 14, 'Material Atap Terluas', 'Ijuk', 100),
(90, 14, 'Material Atap Terluas', 'Daun-Daun', 100),
(91, 14, 'Material Atap Terluas', 'Rumbia', 100),
(92, 15, 'Kondisi Penutup Atap', 'Baik', 10),
(93, 15, 'Kondisi Penutup Atap', 'Rusak Ringan', 60),
(94, 15, 'Kondisi Penutup Atap', 'Rusak Sedang/ Sebagian', 80),
(95, 15, 'Kondisi Penutup Atap', 'Rusak Berat/ Seluruhnya', 100),
(96, 16, 'Material Dinding Terluas ', 'Tembok Plesteran', 10),
(97, 16, 'Material Dinding Terluas ', 'Tembok Tanpa Plesteran', 40),
(98, 16, 'Material Dinding Terluas ', 'GRC/ Asbes', 60),
(99, 16, 'Material Dinding Terluas ', 'Kayu/ Papan', 80),
(100, 16, 'Material Dinding Terluas ', 'Plesteran Anyaman Bambu', 100),
(101, 16, 'Material Dinding Terluas ', 'Anyaman Bambu/ Bilik', 100),
(102, 16, 'Material Dinding Terluas ', 'Bambu', 100),
(103, 16, 'Material Dinding Terluas ', 'Rumbia', 100),
(104, 17, 'Kondisi Dinding', 'Baik', 10),
(105, 17, 'Kondisi Dinding', 'Rusak Ringan', 60),
(106, 17, 'Kondisi Dinding', 'Rusak Sedang/ Sebagian', 80),
(107, 17, 'Kondisi Dinding', 'Rusak Berat/ Seluruhnya', 100),
(108, 18, 'Material Lantai Terluas', 'Marmer/ Granit', 10),
(109, 18, 'Material Lantai Terluas', 'Keramik', 10),
(110, 18, 'Material Lantai Terluas', 'Ubin/ Tegel', 40),
(111, 18, 'Material Lantai Terluas', 'Plesteran', 60),
(112, 18, 'Material Lantai Terluas', 'Kayu', 80),
(113, 18, 'Material Lantai Terluas', 'Bambu', 80),
(114, 18, 'Material Lantai Terluas', 'Tanah', 100),
(115, 19, 'Kondisi Lantai', 'Baik', 10),
(116, 19, 'Kondisi Lantai', 'Rusak Ringan', 60),
(117, 19, 'Kondisi Lantai', 'Rusak Sedang/ Sebagian', 80),
(118, 19, 'Kondisi Lantai', 'Rusak Berat/ Seluruhnya', 100);

-- --------------------------------------------------------

--
-- Table structure for table `tab_topsis`
--

CREATE TABLE `tab_topsis` (
  `NIK` varchar(20) NOT NULL,
  `id_kriteria` varchar(10) NOT NULL,
  `nilai` float NOT NULL
) ENGINE=InnoDB DEFAULT CHARSET=latin1;

--
-- Dumping data for table `tab_topsis`
--

INSERT INTO `tab_topsis` (`NIK`, `id_kriteria`, `nilai`) VALUES
('7203101611850003', '1', 80),
('7203101611850003', '10', 80),
('7203101611850003', '11', 100),
('7203101611850003', '12', 10),
('7203101611850003', '13', 10),
('7203101611850003', '14', 100),
('7203101611850003', '15', 100),
('7203101611850003', '16', 80),
('7203101611850003', '17', 80),
('7203101611850003', '18', 80),
('7203101611850003', '19', 100),
('7203101611850003', '2', 60),
('7203101611850003', '3', 80),
('7203101611850003', '4', 60),
('7203101611850003', '5', 80),
('7203101611850003', '6', 50),
('7203101611850003', '7', 100),
('7203101611850003', '8', 50),
('7203101611850003', '9', 40),
('7209051111950003', '1', 60),
('7209051111950003', '10', 80),
('7209051111950003', '11', 10),
('7209051111950003', '12', 10),
('7209051111950003', '13', 50),
('7209051111950003', '14', 100),
('7209051111950003', '15', 80),
('7209051111950003', '16', 80),
('7209051111950003', '17', 80),
('7209051111950003', '18', 80),
('7209051111950003', '19', 80),
('7209051111950003', '2', 100),
('7209051111950003', '3', 80),
('7209051111950003', '4', 80),
('7209051111950003', '5', 60),
('7209051111950003', '6', 50),
('7209051111950003', '7', 50),
('7209051111950003', '8', 50),
('7209051111950003', '9', 40),
('7210000000000000', '1', 60),
('7210000000000000', '10', 80),
('7210000000000000', '11', 10),
('7210000000000000', '12', 50),
('7210000000000000', '13', 50),
('7210000000000000', '14', 50),
('7210000000000000', '15', 80),
('7210000000000000', '16', 80),
('7210000000000000', '17', 80),
('7210000000000000', '18', 60),
('7210000000000000', '19', 60),
('7210000000000000', '2', 40),
('7210000000000000', '3', 60),
('7210000000000000', '4', 40),
('7210000000000000', '5', 40),
('7210000000000000', '6', 50),
('7210000000000000', '7', 10),
('7210000000000000', '8', 50),
('7210000000000000', '9', 40),
('72100134107900010', '1', 40),
('72100134107900010', '10', 80),
('72100134107900010', '11', 10),
('72100134107900010', '12', 10),
('72100134107900010', '13', 10),
('72100134107900010', '14', 100),
('72100134107900010', '15', 60),
('72100134107900010', '16', 80),
('72100134107900010', '17', 60),
('72100134107900010', '18', 60),
('72100134107900010', '19', 80),
('72100134107900010', '2', 100),
('72100134107900010', '3', 60),
('72100134107900010', '4', 60),
('72100134107900010', '5', 40),
('72100134107900010', '6', 50),
('72100134107900010', '7', 50),
('72100134107900010', '8', 50),
('72100134107900010', '9', 40),
('7210022460560001', '1', 80),
('7210022460560001', '10', 80),
('7210022460560001', '11', 100),
('7210022460560001', '12', 10),
('7210022460560001', '13', 10),
('7210022460560001', '14', 100),
('7210022460560001', '15', 100),
('7210022460560001', '16', 80),
('7210022460560001', '17', 100),
('7210022460560001', '18', 80),
('7210022460560001', '19', 100),
('7210022460560001', '2', 80),
('7210022460560001', '3', 80),
('7210022460560001', '4', 80),
('7210022460560001', '5', 80),
('7210022460560001', '6', 50),
('7210022460560001', '7', 10),
('7210022460560001', '8', 50),
('7210022460560001', '9', 40),
('7210031206900002', '1', 40),
('7210031206900002', '10', 80),
('7210031206900002', '11', 10),
('7210031206900002', '12', 50),
('7210031206900002', '13', 10),
('7210031206900002', '14', 100),
('7210031206900002', '15', 60),
('7210031206900002', '16', 10),
('7210031206900002', '17', 60),
('7210031206900002', '18', 60),
('7210031206900002', '19', 60),
('7210031206900002', '2', 100),
('7210031206900002', '3', 60),
('7210031206900002', '4', 40),
('7210031206900002', '5', 60),
('7210031206900002', '6', 10),
('7210031206900002', '7', 50),
('7210031206900002', '8', 50),
('7210031206900002', '9', 40),
('7210072904510001', '1', 60),
('7210072904510001', '10', 80),
('7210072904510001', '11', 10),
('7210072904510001', '12', 50),
('7210072904510001', '13', 10),
('7210072904510001', '14', 100),
('7210072904510001', '15', 100),
('7210072904510001', '16', 80),
('7210072904510001', '17', 80),
('7210072904510001', '18', 60),
('7210072904510001', '19', 80),
('7210072904510001', '2', 40),
('7210072904510001', '3', 60),
('7210072904510001', '4', 60),
('7210072904510001', '5', 40),
('7210072904510001', '6', 50),
('7210072904510001', '7', 50),
('7210072904510001', '8', 50),
('7210072904510001', '9', 40),
('7210101101690001', '1', 40),
('7210101101690001', '10', 80),
('7210101101690001', '11', 10),
('7210101101690001', '12', 10),
('7210101101690001', '13', 10),
('7210101101690001', '14', 50),
('7210101101690001', '15', 80),
('7210101101690001', '16', 80),
('7210101101690001', '17', 60),
('7210101101690001', '18', 60),
('7210101101690001', '19', 60),
('7210101101690001', '2', 40),
('7210101101690001', '3', 40),
('7210101101690001', '4', 40),
('7210101101690001', '5', 80),
('7210101101690001', '6', 50),
('7210101101690001', '7', 50),
('7210101101690001', '8', 50),
('7210101101690001', '9', 40),
('7210106167900001', '1', 40),
('7210106167900001', '10', 80),
('7210106167900001', '11', 10),
('7210106167900001', '12', 50),
('7210106167900001', '13', 50),
('7210106167900001', '14', 100),
('7210106167900001', '15', 80),
('7210106167900001', '16', 80),
('7210106167900001', '17', 80),
('7210106167900001', '18', 60),
('7210106167900001', '19', 80),
('7210106167900001', '2', 40),
('7210106167900001', '3', 60),
('7210106167900001', '4', 40),
('7210106167900001', '5', 40),
('7210106167900001', '6', 10),
('7210106167900001', '7', 10),
('7210106167900001', '8', 50),
('7210106167900001', '9', 40),
('7210110156900001', '1', 40),
('7210110156900001', '10', 80),
('7210110156900001', '11', 10),
('7210110156900001', '12', 50),
('7210110156900001', '13', 10),
('7210110156900001', '14', 50),
('7210110156900001', '15', 80),
('7210110156900001', '16', 10),
('7210110156900001', '17', 60),
('7210110156900001', '18', 60),
('7210110156900001', '19', 80),
('7210110156900001', '2', 40),
('7210110156900001', '3', 60),
('7210110156900001', '4', 60),
('7210110156900001', '5', 40),
('7210110156900001', '6', 10),
('7210110156900001', '7', 50),
('7210110156900001', '8', 10),
('7210110156900001', '9', 10),
('7210110238700001', '1', 10),
('7210110238700001', '10', 80),
('7210110238700001', '11', 10),
('7210110238700001', '12', 50),
('7210110238700001', '13', 50),
('7210110238700001', '14', 50),
('7210110238700001', '15', 60),
('7210110238700001', '16', 80),
('7210110238700001', '17', 60),
('7210110238700001', '18', 60),
('7210110238700001', '19', 60),
('7210110238700001', '2', 10),
('7210110238700001', '3', 40),
('7210110238700001', '4', 40),
('7210110238700001', '5', 60),
('7210110238700001', '6', 10),
('7210110238700001', '7', 10),
('7210110238700001', '8', 50),
('7210110238700001', '9', 40),
('7210130107580005', '1', 100),
('7210130107580005', '10', 80),
('7210130107580005', '11', 100),
('7210130107580005', '12', 10),
('7210130107580005', '13', 10),
('7210130107580005', '14', 100),
('7210130107580005', '15', 80),
('7210130107580005', '16', 80),
('7210130107580005', '17', 80),
('7210130107580005', '18', 80),
('7210130107580005', '19', 80),
('7210130107580005', '2', 100),
('7210130107580005', '3', 60),
('7210130107580005', '4', 60),
('7210130107580005', '5', 60),
('7210130107580005', '6', 50),
('7210130107580005', '7', 100),
('7210130107580005', '8', 50),
('7210130107580005', '9', 40),
('7210130107610012', '1', 100),
('7210130107610012', '10', 80),
('7210130107610012', '11', 100),
('7210130107610012', '12', 10),
('7210130107610012', '13', 10),
('7210130107610012', '14', 100),
('7210130107610012', '15', 100),
('7210130107610012', '16', 80),
('7210130107610012', '17', 100),
('7210130107610012', '18', 80),
('7210130107610012', '19', 100),
('7210130107610012', '2', 100),
('7210130107610012', '3', 80),
('7210130107610012', '4', 60),
('7210130107610012', '5', 80),
('7210130107610012', '6', 50),
('7210130107610012', '7', 100),
('7210130107610012', '8', 50),
('7210130107610012', '9', 40),
('7210130107650010', '1', 80),
('7210130107650010', '10', 80),
('7210130107650010', '11', 100),
('7210130107650010', '12', 10),
('7210130107650010', '13', 10),
('7210130107650010', '14', 100),
('7210130107650010', '15', 80),
('7210130107650010', '16', 80),
('7210130107650010', '17', 80),
('7210130107650010', '18', 60),
('7210130107650010', '19', 100),
('7210130107650010', '2', 60),
('7210130107650010', '3', 80),
('7210130107650010', '4', 80),
('7210130107650010', '5', 60),
('7210130107650010', '6', 50),
('7210130107650010', '7', 100),
('7210130107650010', '8', 50),
('7210130107650010', '9', 40),
('7210130107680021', '1', 80),
('7210130107680021', '10', 80),
('7210130107680021', '11', 10),
('7210130107680021', '12', 10),
('7210130107680021', '13', 10),
('7210130107680021', '14', 50),
('7210130107680021', '15', 80),
('7210130107680021', '16', 80),
('7210130107680021', '17', 100),
('7210130107680021', '18', 60),
('7210130107680021', '19', 80),
('7210130107680021', '2', 80),
('7210130107680021', '3', 80),
('7210130107680021', '4', 60),
('7210130107680021', '5', 60),
('7210130107680021', '6', 50),
('7210130107680021', '7', 100),
('7210130107680021', '8', 50),
('7210130107680021', '9', 40),
('7210130107700039', '1', 40),
('7210130107700039', '10', 80),
('7210130107700039', '11', 10),
('7210130107700039', '12', 10),
('7210130107700039', '13', 10),
('7210130107700039', '14', 50),
('7210130107700039', '15', 10),
('7210130107700039', '16', 40),
('7210130107700039', '17', 60),
('7210130107700039', '18', 60),
('7210130107700039', '19', 60),
('7210130107700039', '2', 60),
('7210130107700039', '3', 80),
('7210130107700039', '4', 60),
('7210130107700039', '5', 10),
('7210130107700039', '6', 50),
('7210130107700039', '7', 100),
('7210130107700039', '8', 50),
('7210130107700039', '9', 40),
('7210130107710010', '1', 40),
('7210130107710010', '10', 80),
('7210130107710010', '11', 10),
('7210130107710010', '12', 10),
('7210130107710010', '13', 10),
('7210130107710010', '14', 50),
('7210130107710010', '15', 60),
('7210130107710010', '16', 40),
('7210130107710010', '17', 60),
('7210130107710010', '18', 60),
('7210130107710010', '19', 60),
('7210130107710010', '2', 60),
('7210130107710010', '3', 60),
('7210130107710010', '4', 60),
('7210130107710010', '5', 60),
('7210130107710010', '6', 10),
('7210130107710010', '7', 10),
('7210130107710010', '8', 50),
('7210130107710010', '9', 40),
('7210130107710015', '1', 100),
('7210130107710015', '10', 80),
('7210130107710015', '11', 100),
('7210130107710015', '12', 50),
('7210130107710015', '13', 10),
('7210130107710015', '14', 100),
('7210130107710015', '15', 100),
('7210130107710015', '16', 80),
('7210130107710015', '17', 80),
('7210130107710015', '18', 80),
('7210130107710015', '19', 80),
('7210130107710015', '2', 100),
('7210130107710015', '3', 60),
('7210130107710015', '4', 80),
('7210130107710015', '5', 80),
('7210130107710015', '6', 50),
('7210130107710015', '7', 50),
('7210130107710015', '8', 50),
('7210130107710015', '9', 40),
('7210130107720013', '1', 40),
('7210130107720013', '10', 80),
('7210130107720013', '11', 10),
('7210130107720013', '12', 10),
('7210130107720013', '13', 10),
('7210130107720013', '14', 50),
('7210130107720013', '15', 10),
('7210130107720013', '16', 80),
('7210130107720013', '17', 60),
('7210130107720013', '18', 60),
('7210130107720013', '19', 60),
('7210130107720013', '2', 40),
('7210130107720013', '3', 40),
('7210130107720013', '4', 10),
('7210130107720013', '5', 10),
('7210130107720013', '6', 50),
('7210130107720013', '7', 10),
('7210130107720013', '8', 50),
('7210130107720013', '9', 40),
('7210130107720023', '1', 40),
('7210130107720023', '10', 80),
('7210130107720023', '11', 10),
('7210130107720023', '12', 10),
('7210130107720023', '13', 10),
('7210130107720023', '14', 50),
('7210130107720023', '15', 60),
('7210130107720023', '16', 80),
('7210130107720023', '17', 60),
('7210130107720023', '18', 60),
('7210130107720023', '19', 60),
('7210130107720023', '2', 60),
('7210130107720023', '3', 60),
('7210130107720023', '4', 60),
('7210130107720023', '5', 40),
('7210130107720023', '6', 50),
('7210130107720023', '7', 50),
('7210130107720023', '8', 10),
('7210130107720023', '9', 10),
('7210130107720024', '1', 80),
('7210130107720024', '10', 80),
('7210130107720024', '11', 100),
('7210130107720024', '12', 10),
('7210130107720024', '13', 10),
('7210130107720024', '14', 50),
('7210130107720024', '15', 80),
('7210130107720024', '16', 80),
('7210130107720024', '17', 80),
('7210130107720024', '18', 80),
('7210130107720024', '19', 100),
('7210130107720024', '2', 100),
('7210130107720024', '3', 80),
('7210130107720024', '4', 60),
('7210130107720024', '5', 60),
('7210130107720024', '6', 50),
('7210130107720024', '7', 100),
('7210130107720024', '8', 50),
('7210130107720024', '9', 40),
('7210130107750052', '1', 40),
('7210130107750052', '10', 80),
('7210130107750052', '11', 10),
('7210130107750052', '12', 50),
('7210130107750052', '13', 10),
('7210130107750052', '14', 50),
('7210130107750052', '15', 60),
('7210130107750052', '16', 80),
('7210130107750052', '17', 80),
('7210130107750052', '18', 60),
('7210130107750052', '19', 80),
('7210130107750052', '2', 40),
('7210130107750052', '3', 40),
('7210130107750052', '4', 60),
('7210130107750052', '5', 10),
('7210130107750052', '6', 50),
('7210130107750052', '7', 100),
('7210130107750052', '8', 50),
('7210130107750052', '9', 40),
('7210130107760024', '1', 100),
('7210130107760024', '10', 80),
('7210130107760024', '11', 100),
('7210130107760024', '12', 10),
('7210130107760024', '13', 10),
('7210130107760024', '14', 100),
('7210130107760024', '15', 100),
('7210130107760024', '16', 100),
('7210130107760024', '17', 100),
('7210130107760024', '18', 80),
('7210130107760024', '19', 100),
('7210130107760024', '2', 100),
('7210130107760024', '3', 80),
('7210130107760024', '4', 80),
('7210130107760024', '5', 80),
('7210130107760024', '6', 50),
('7210130107760024', '7', 100),
('7210130107760024', '8', 50),
('7210130107760024', '9', 40),
('7210130107770044', '1', 100),
('7210130107770044', '10', 80),
('7210130107770044', '11', 100),
('7210130107770044', '12', 50),
('7210130107770044', '13', 50),
('7210130107770044', '14', 100),
('7210130107770044', '15', 80),
('7210130107770044', '16', 80),
('7210130107770044', '17', 100),
('7210130107770044', '18', 60),
('7210130107770044', '19', 80),
('7210130107770044', '2', 100),
('7210130107770044', '3', 60),
('7210130107770044', '4', 60),
('7210130107770044', '5', 60),
('7210130107770044', '6', 100),
('7210130107770044', '7', 100),
('7210130107770044', '8', 50),
('7210130107770044', '9', 40),
('7210130107780005', '1', 40),
('7210130107780005', '10', 80),
('7210130107780005', '11', 10),
('7210130107780005', '12', 50),
('7210130107780005', '13', 10),
('7210130107780005', '14', 50),
('7210130107780005', '15', 80),
('7210130107780005', '16', 80),
('7210130107780005', '17', 80),
('7210130107780005', '18', 60),
('7210130107780005', '19', 60),
('7210130107780005', '2', 40),
('7210130107780005', '3', 40),
('7210130107780005', '4', 80),
('7210130107780005', '5', 80),
('7210130107780005', '6', 50),
('7210130107780005', '7', 100),
('7210130107780005', '8', 10),
('7210130107780005', '9', 10),
('7210130107790014', '1', 40),
('7210130107790014', '10', 80),
('7210130107790014', '11', 10),
('7210130107790014', '12', 10),
('7210130107790014', '13', 10),
('7210130107790014', '14', 50),
('7210130107790014', '15', 10),
('7210130107790014', '16', 40),
('7210130107790014', '17', 60),
('7210130107790014', '18', 60),
('7210130107790014', '19', 60),
('7210130107790014', '2', 60),
('7210130107790014', '3', 80),
('7210130107790014', '4', 60),
('7210130107790014', '5', 10),
('7210130107790014', '6', 50),
('7210130107790014', '7', 100),
('7210130107790014', '8', 50),
('7210130107790014', '9', 40),
('7210130107800011', '1', 80),
('7210130107800011', '10', 80),
('7210130107800011', '11', 10),
('7210130107800011', '12', 10),
('7210130107800011', '13', 10),
('7210130107800011', '14', 50),
('7210130107800011', '15', 10),
('7210130107800011', '16', 80),
('7210130107800011', '17', 80),
('7210130107800011', '18', 80),
('7210130107800011', '19', 80),
('7210130107800011', '2', 80),
('7210130107800011', '3', 60),
('7210130107800011', '4', 60),
('7210130107800011', '5', 40),
('7210130107800011', '6', 50),
('7210130107800011', '7', 50),
('7210130107800011', '8', 50),
('7210130107800011', '9', 40),
('7210130107800046', '1', 60),
('7210130107800046', '10', 80),
('7210130107800046', '11', 10),
('7210130107800046', '12', 10),
('7210130107800046', '13', 10),
('7210130107800046', '14', 50),
('7210130107800046', '15', 60),
('7210130107800046', '16', 80),
('7210130107800046', '17', 80),
('7210130107800046', '18', 60),
('7210130107800046', '19', 100),
('7210130107800046', '2', 60),
('7210130107800046', '3', 80),
('7210130107800046', '4', 60),
('7210130107800046', '5', 40),
('7210130107800046', '6', 50),
('7210130107800046', '7', 100),
('7210130107800046', '8', 10),
('7210130107800046', '9', 10),
('7210130107830003', '1', 80),
('7210130107830003', '10', 80),
('7210130107830003', '11', 100),
('7210130107830003', '12', 10),
('7210130107830003', '13', 10),
('7210130107830003', '14', 100),
('7210130107830003', '15', 80),
('7210130107830003', '16', 80),
('7210130107830003', '17', 100),
('7210130107830003', '18', 60),
('7210130107830003', '19', 100),
('7210130107830003', '2', 100),
('7210130107830003', '3', 80),
('7210130107830003', '4', 60),
('7210130107830003', '5', 80),
('7210130107830003', '6', 50),
('7210130107830003', '7', 100),
('7210130107830003', '8', 50),
('7210130107830003', '9', 40),
('7210130107830030', '1', 40),
('7210130107830030', '10', 80),
('7210130107830030', '11', 10),
('7210130107830030', '12', 10),
('7210130107830030', '13', 10),
('7210130107830030', '14', 50),
('7210130107830030', '15', 10),
('7210130107830030', '16', 80),
('7210130107830030', '17', 80),
('7210130107830030', '18', 60),
('7210130107830030', '19', 80),
('7210130107830030', '2', 60),
('7210130107830030', '3', 60),
('7210130107830030', '4', 60),
('7210130107830030', '5', 60),
('7210130107830030', '6', 50),
('7210130107830030', '7', 100),
('7210130107830030', '8', 10),
('7210130107830030', '9', 10),
('7210130107830034', '1', 40),
('7210130107830034', '10', 80),
('7210130107830034', '11', 10),
('7210130107830034', '12', 50),
('7210130107830034', '13', 10),
('7210130107830034', '14', 100),
('7210130107830034', '15', 80),
('7210130107830034', '16', 80),
('7210130107830034', '17', 60),
('7210130107830034', '18', 60),
('7210130107830034', '19', 60),
('7210130107830034', '2', 40),
('7210130107830034', '3', 40),
('7210130107830034', '4', 60),
('7210130107830034', '5', 10),
('7210130107830034', '6', 50),
('7210130107830034', '7', 50),
('7210130107830034', '8', 50),
('7210130107830034', '9', 40),
('7210130107860001', '1', 80),
('7210130107860001', '10', 80),
('7210130107860001', '11', 100),
('7210130107860001', '12', 10),
('7210130107860001', '13', 10),
('7210130107860001', '14', 100),
('7210130107860001', '15', 100),
('7210130107860001', '16', 80),
('7210130107860001', '17', 60),
('7210130107860001', '18', 60),
('7210130107860001', '19', 100),
('7210130107860001', '2', 80),
('7210130107860001', '3', 80),
('7210130107860001', '4', 80),
('7210130107860001', '5', 60),
('7210130107860001', '6', 50),
('7210130107860001', '7', 100),
('7210130107860001', '8', 50),
('7210130107860001', '9', 40),
('7210130107860006', '1', 60),
('7210130107860006', '10', 80),
('7210130107860006', '11', 10),
('7210130107860006', '12', 50),
('7210130107860006', '13', 10),
('7210130107860006', '14', 50),
('7210130107860006', '15', 60),
('7210130107860006', '16', 80),
('7210130107860006', '17', 60),
('7210130107860006', '18', 60),
('7210130107860006', '19', 60),
('7210130107860006', '2', 60),
('7210130107860006', '3', 60),
('7210130107860006', '4', 60),
('7210130107860006', '5', 40),
('7210130107860006', '6', 50),
('7210130107860006', '7', 50),
('7210130107860006', '8', 50),
('7210130107860006', '9', 40),
('7210130107860026', '1', 40),
('7210130107860026', '10', 80),
('7210130107860026', '11', 10),
('7210130107860026', '12', 10),
('7210130107860026', '13', 10),
('7210130107860026', '14', 50),
('7210130107860026', '15', 10),
('7210130107860026', '16', 40),
('7210130107860026', '17', 60),
('7210130107860026', '18', 60),
('7210130107860026', '19', 60),
('7210130107860026', '2', 60),
('7210130107860026', '3', 80),
('7210130107860026', '4', 60),
('7210130107860026', '5', 10),
('7210130107860026', '6', 50),
('7210130107860026', '7', 50),
('7210130107860026', '8', 10),
('7210130107860026', '9', 10),
('7210130107870002', '1', 80),
('7210130107870002', '10', 80),
('7210130107870002', '11', 10),
('7210130107870002', '12', 10),
('7210130107870002', '13', 10),
('7210130107870002', '14', 50),
('7210130107870002', '15', 10),
('7210130107870002', '16', 80),
('7210130107870002', '17', 80),
('7210130107870002', '18', 60),
('7210130107870002', '19', 100),
('7210130107870002', '2', 80),
('7210130107870002', '3', 60),
('7210130107870002', '4', 60),
('7210130107870002', '5', 10),
('7210130107870002', '6', 50),
('7210130107870002', '7', 50),
('7210130107870002', '8', 50),
('7210130107870002', '9', 40),
('7210130107880017', '1', 10),
('7210130107880017', '10', 80),
('7210130107880017', '11', 10),
('7210130107880017', '12', 10),
('7210130107880017', '13', 10),
('7210130107880017', '14', 50),
('7210130107880017', '15', 10),
('7210130107880017', '16', 80),
('7210130107880017', '17', 60),
('7210130107880017', '18', 60),
('7210130107880017', '19', 10),
('7210130107880017', '2', 40),
('7210130107880017', '3', 40),
('7210130107880017', '4', 40),
('7210130107880017', '5', 10),
('7210130107880017', '6', 50),
('7210130107880017', '7', 50),
('7210130107880017', '8', 10),
('7210130107880017', '9', 10),
('7210130107890001', '1', 80),
('7210130107890001', '10', 80),
('7210130107890001', '11', 100),
('7210130107890001', '12', 10),
('7210130107890001', '13', 10),
('7210130107890001', '14', 100),
('7210130107890001', '15', 80),
('7210130107890001', '16', 80),
('7210130107890001', '17', 60),
('7210130107890001', '18', 60),
('7210130107890001', '19', 60),
('7210130107890001', '2', 80),
('7210130107890001', '3', 40),
('7210130107890001', '4', 40),
('7210130107890001', '5', 40),
('7210130107890001', '6', 10),
('7210130107890001', '7', 50),
('7210130107890001', '8', 50),
('7210130107890001', '9', 40),
('7210130107890023', '1', 100),
('7210130107890023', '10', 80),
('7210130107890023', '11', 100),
('7210130107890023', '12', 10),
('7210130107890023', '13', 10),
('7210130107890023', '14', 100),
('7210130107890023', '15', 100),
('7210130107890023', '16', 80),
('7210130107890023', '17', 100),
('7210130107890023', '18', 80),
('7210130107890023', '19', 100),
('7210130107890023', '2', 100),
('7210130107890023', '3', 80),
('7210130107890023', '4', 80),
('7210130107890023', '5', 80),
('7210130107890023', '6', 100),
('7210130107890023', '7', 100),
('7210130107890023', '8', 50),
('7210130107890023', '9', 40),
('7210130107900023', '1', 40),
('7210130107900023', '10', 80),
('7210130107900023', '11', 10),
('7210130107900023', '12', 10),
('7210130107900023', '13', 10),
('7210130107900023', '14', 50),
('7210130107900023', '15', 10),
('7210130107900023', '16', 40),
('7210130107900023', '17', 60),
('7210130107900023', '18', 60),
('7210130107900023', '19', 60),
('7210130107900023', '2', 40),
('7210130107900023', '3', 40),
('7210130107900023', '4', 80),
('7210130107900023', '5', 60),
('7210130107900023', '6', 100),
('7210130107900023', '7', 100),
('7210130107900023', '8', 50),
('7210130107900023', '9', 40),
('7210130107930003', '1', 80),
('7210130107930003', '10', 80),
('7210130107930003', '11', 100),
('7210130107930003', '12', 10),
('7210130107930003', '13', 10),
('7210130107930003', '14', 100),
('7210130107930003', '15', 80),
('7210130107930003', '16', 80),
('7210130107930003', '17', 100),
('7210130107930003', '18', 60),
('7210130107930003', '19', 100),
('7210130107930003', '2', 100),
('7210130107930003', '3', 80),
('7210130107930003', '4', 60),
('7210130107930003', '5', 80),
('7210130107930003', '6', 50),
('7210130107930003', '7', 100),
('7210130107930003', '8', 50),
('7210130107930003', '9', 40),
('7210130107940016', '1', 80),
('7210130107940016', '10', 80),
('7210130107940016', '11', 100),
('7210130107940016', '12', 10),
('7210130107940016', '13', 10),
('7210130107940016', '14', 100),
('7210130107940016', '15', 10),
('7210130107940016', '16', 40),
('7210130107940016', '17', 80),
('7210130107940016', '18', 60),
('7210130107940016', '19', 100),
('7210130107940016', '2', 100),
('7210130107940016', '3', 80),
('7210130107940016', '4', 80),
('7210130107940016', '5', 60),
('7210130107940016', '6', 100),
('7210130107940016', '7', 100),
('7210130107940016', '8', 50),
('7210130107940016', '9', 40),
('7210130112900003', '1', 40),
('7210130112900003', '10', 80),
('7210130112900003', '11', 10),
('7210130112900003', '12', 50),
('7210130112900003', '13', 10),
('7210130112900003', '14', 100),
('7210130112900003', '15', 60),
('7210130112900003', '16', 40),
('7210130112900003', '17', 80),
('7210130112900003', '18', 60),
('7210130112900003', '19', 80),
('7210130112900003', '2', 60),
('7210130112900003', '3', 80),
('7210130112900003', '4', 60),
('7210130112900003', '5', 40),
('7210130112900003', '6', 50),
('7210130112900003', '7', 50),
('7210130112900003', '8', 10),
('7210130112900003', '9', 10),
('72101301301077900', '1', 80),
('72101301301077900', '10', 80),
('72101301301077900', '11', 100),
('72101301301077900', '12', 10),
('72101301301077900', '13', 10),
('72101301301077900', '14', 100),
('72101301301077900', '15', 80),
('72101301301077900', '16', 80),
('72101301301077900', '17', 100),
('72101301301077900', '18', 80),
('72101301301077900', '19', 80),
('72101301301077900', '2', 80),
('72101301301077900', '3', 60),
('72101301301077900', '4', 80),
('72101301301077900', '5', 80),
('72101301301077900', '6', 50),
('72101301301077900', '7', 100),
('72101301301077900', '8', 50),
('72101301301077900', '9', 40),
('7210130150880001', '1', 100),
('7210130150880001', '10', 80),
('7210130150880001', '11', 10),
('7210130150880001', '12', 10),
('7210130150880001', '13', 10),
('7210130150880001', '14', 50),
('7210130150880001', '15', 10),
('7210130150880001', '16', 80),
('7210130150880001', '17', 100),
('7210130150880001', '18', 80),
('7210130150880001', '19', 80),
('7210130150880001', '2', 100),
('7210130150880001', '3', 80),
('7210130150880001', '4', 80),
('7210130150880001', '5', 40),
('7210130150880001', '6', 50),
('7210130150880001', '7', 100),
('7210130150880001', '8', 50),
('7210130150880001', '9', 40),
('7210130177710003', '1', 80),
('7210130177710003', '10', 80),
('7210130177710003', '11', 100),
('7210130177710003', '12', 10),
('7210130177710003', '13', 10),
('7210130177710003', '14', 100),
('7210130177710003', '15', 80),
('7210130177710003', '16', 80),
('7210130177710003', '17', 100),
('7210130177710003', '18', 80),
('7210130177710003', '19', 80),
('7210130177710003', '2', 60),
('7210130177710003', '3', 80),
('7210130177710003', '4', 80),
('7210130177710003', '5', 60),
('7210130177710003', '6', 100),
('7210130177710003', '7', 100),
('7210130177710003', '8', 50),
('7210130177710003', '9', 40),
('7210130205650001', '1', 40),
('7210130205650001', '10', 80),
('7210130205650001', '11', 10),
('7210130205650001', '12', 10),
('7210130205650001', '13', 10),
('7210130205650001', '14', 50),
('7210130205650001', '15', 60),
('7210130205650001', '16', 40),
('7210130205650001', '17', 60),
('7210130205650001', '18', 60),
('7210130205650001', '19', 60),
('7210130205650001', '2', 40),
('7210130205650001', '3', 40),
('7210130205650001', '4', 40),
('7210130205650001', '5', 40),
('7210130205650001', '6', 10),
('7210130205650001', '7', 50),
('7210130205650001', '8', 50),
('7210130205650001', '9', 40),
('7210130304920001', '1', 80),
('7210130304920001', '10', 80),
('7210130304920001', '11', 100),
('7210130304920001', '12', 10),
('7210130304920001', '13', 10),
('7210130304920001', '14', 100),
('7210130304920001', '15', 80),
('7210130304920001', '16', 80),
('7210130304920001', '17', 80),
('7210130304920001', '18', 60),
('7210130304920001', '19', 100),
('7210130304920001', '2', 60),
('7210130304920001', '3', 60),
('7210130304920001', '4', 60),
('7210130304920001', '5', 60),
('7210130304920001', '6', 50),
('7210130304920001', '7', 10),
('7210130304920001', '8', 50),
('7210130304920001', '9', 40),
('7210130305720001', '1', 40),
('7210130305720001', '10', 80),
('7210130305720001', '11', 10),
('7210130305720001', '12', 10),
('7210130305720001', '13', 10),
('7210130305720001', '14', 100),
('7210130305720001', '15', 60),
('7210130305720001', '16', 80),
('7210130305720001', '17', 60),
('7210130305720001', '18', 60),
('7210130305720001', '19', 80),
('7210130305720001', '2', 100),
('7210130305720001', '3', 40),
('7210130305720001', '4', 40),
('7210130305720001', '5', 40),
('7210130305720001', '6', 50),
('7210130305720001', '7', 100),
('7210130305720001', '8', 50),
('7210130305720001', '9', 40),
('7210130312820001', '1', 40),
('7210130312820001', '10', 80),
('7210130312820001', '11', 10),
('7210130312820001', '12', 10),
('7210130312820001', '13', 10),
('7210130312820001', '14', 100),
('7210130312820001', '15', 80),
('7210130312820001', '16', 80),
('7210130312820001', '17', 60),
('7210130312820001', '18', 60),
('7210130312820001', '19', 60),
('7210130312820001', '2', 40),
('7210130312820001', '3', 40),
('7210130312820001', '4', 40),
('7210130312820001', '5', 60),
('7210130312820001', '6', 50),
('7210130312820001', '7', 10),
('7210130312820001', '8', 10),
('7210130312820001', '9', 10),
('7210130404810002', '1', 60),
('7210130404810002', '10', 80),
('7210130404810002', '11', 10),
('7210130404810002', '12', 10),
('7210130404810002', '13', 10),
('7210130404810002', '14', 50),
('7210130404810002', '15', 80),
('7210130404810002', '16', 80),
('7210130404810002', '17', 60),
('7210130404810002', '18', 60),
('7210130404810002', '19', 60),
('7210130404810002', '2', 10),
('7210130404810002', '3', 60),
('7210130404810002', '4', 80),
('7210130404810002', '5', 60),
('7210130404810002', '6', 10),
('7210130404810002', '7', 10),
('7210130404810002', '8', 50),
('7210130404810002', '9', 40),
('7210130505650001', '1', 60),
('7210130505650001', '10', 80),
('7210130505650001', '11', 10),
('7210130505650001', '12', 10),
('7210130505650001', '13', 10),
('7210130505650001', '14', 50),
('7210130505650001', '15', 10),
('7210130505650001', '16', 40),
('7210130505650001', '17', 60),
('7210130505650001', '18', 60),
('7210130505650001', '19', 60),
('7210130505650001', '2', 60),
('7210130505650001', '3', 80),
('7210130505650001', '4', 60),
('7210130505650001', '5', 10),
('7210130505650001', '6', 50),
('7210130505650001', '7', 100),
('7210130505650001', '8', 10),
('7210130505650001', '9', 10),
('7210130506700001', '1', 80),
('7210130506700001', '10', 80),
('7210130506700001', '11', 10),
('7210130506700001', '12', 50),
('7210130506700001', '13', 10),
('7210130506700001', '14', 100),
('7210130506700001', '15', 80),
('7210130506700001', '16', 80),
('7210130506700001', '17', 100),
('7210130506700001', '18', 60),
('7210130506700001', '19', 100),
('7210130506700001', '2', 80),
('7210130506700001', '3', 60),
('7210130506700001', '4', 60),
('7210130506700001', '5', 60),
('7210130506700001', '6', 50),
('7210130506700001', '7', 50),
('7210130506700001', '8', 50),
('7210130506700001', '9', 40),
('7210130607820001', '1', 100),
('7210130607820001', '10', 80),
('7210130607820001', '11', 10),
('7210130607820001', '12', 50),
('7210130607820001', '13', 10),
('7210130607820001', '14', 50),
('7210130607820001', '15', 10),
('7210130607820001', '16', 80),
('7210130607820001', '17', 80),
('7210130607820001', '18', 80),
('7210130607820001', '19', 80),
('7210130607820001', '2', 100),
('7210130607820001', '3', 40),
('7210130607820001', '4', 40),
('7210130607820001', '5', 40),
('7210130607820001', '6', 10),
('7210130607820001', '7', 10),
('7210130607820001', '8', 50),
('7210130607820001', '9', 40),
('7210130703730001', '1', 40),
('7210130703730001', '10', 80),
('7210130703730001', '11', 80),
('7210130703730001', '12', 10),
('7210130703730001', '13', 10),
('7210130703730001', '14', 50),
('7210130703730001', '15', 60),
('7210130703730001', '16', 80),
('7210130703730001', '17', 80),
('7210130703730001', '18', 60),
('7210130703730001', '19', 60),
('7210130703730001', '2', 60),
('7210130703730001', '3', 60),
('7210130703730001', '4', 40),
('7210130703730001', '5', 40),
('7210130703730001', '6', 50),
('7210130703730001', '7', 50),
('7210130703730001', '8', 50),
('7210130703730001', '9', 40),
('7210130707770004', '1', 60),
('7210130707770004', '10', 80),
('7210130707770004', '11', 10),
('7210130707770004', '12', 10),
('7210130707770004', '13', 10),
('7210130707770004', '14', 50),
('7210130707770004', '15', 60),
('7210130707770004', '16', 80),
('7210130707770004', '17', 80),
('7210130707770004', '18', 60),
('7210130707770004', '19', 80),
('7210130707770004', '2', 60),
('7210130707770004', '3', 80),
('7210130707770004', '4', 40),
('7210130707770004', '5', 40),
('7210130707770004', '6', 10),
('7210130707770004', '7', 50),
('7210130707770004', '8', 10),
('7210130707770004', '9', 10),
('72101307078810001', '1', 10),
('72101307078810001', '10', 80),
('72101307078810001', '11', 10),
('72101307078810001', '12', 10),
('72101307078810001', '13', 10),
('72101307078810001', '14', 50),
('72101307078810001', '15', 60),
('72101307078810001', '16', 80),
('72101307078810001', '17', 60),
('72101307078810001', '18', 60),
('72101307078810001', '19', 10),
('72101307078810001', '2', 40),
('72101307078810001', '3', 60),
('72101307078810001', '4', 60),
('72101307078810001', '5', 10),
('72101307078810001', '6', 50),
('72101307078810001', '7', 50),
('72101307078810001', '8', 10),
('72101307078810001', '9', 10),
('7210130708700001', '1', 40),
('7210130708700001', '10', 80),
('7210130708700001', '11', 10),
('7210130708700001', '12', 10),
('7210130708700001', '13', 50),
('7210130708700001', '14', 50),
('7210130708700001', '15', 10),
('7210130708700001', '16', 80),
('7210130708700001', '17', 60),
('7210130708700001', '18', 60),
('7210130708700001', '19', 60),
('7210130708700001', '2', 40),
('7210130708700001', '3', 60),
('7210130708700001', '4', 60),
('7210130708700001', '5', 10),
('7210130708700001', '6', 50),
('7210130708700001', '7', 50),
('7210130708700001', '8', 50),
('7210130708700001', '9', 40),
('7210130708930002', '1', 80),
('7210130708930002', '10', 80),
('7210130708930002', '11', 100),
('7210130708930002', '12', 10),
('7210130708930002', '13', 10),
('7210130708930002', '14', 100),
('7210130708930002', '15', 60),
('7210130708930002', '16', 80),
('7210130708930002', '17', 80),
('7210130708930002', '18', 60),
('7210130708930002', '19', 100),
('7210130708930002', '2', 60),
('7210130708930002', '3', 40),
('7210130708930002', '4', 60),
('7210130708930002', '5', 60),
('7210130708930002', '6', 50),
('7210130708930002', '7', 50),
('7210130708930002', '8', 50),
('7210130708930002', '9', 40),
('7210130710750001', '1', 40),
('7210130710750001', '10', 80),
('7210130710750001', '11', 10),
('7210130710750001', '12', 50),
('7210130710750001', '13', 10),
('7210130710750001', '14', 50),
('7210130710750001', '15', 10),
('7210130710750001', '16', 80),
('7210130710750001', '17', 60),
('7210130710750001', '18', 60),
('7210130710750001', '19', 60),
('7210130710750001', '2', 60),
('7210130710750001', '3', 60),
('7210130710750001', '4', 60),
('7210130710750001', '5', 10),
('7210130710750001', '6', 50),
('7210130710750001', '7', 50),
('7210130710750001', '8', 10),
('7210130710750001', '9', 10),
('7210130710750005', '1', 40),
('7210130710750005', '10', 80),
('7210130710750005', '11', 100),
('7210130710750005', '12', 10),
('7210130710750005', '13', 50),
('7210130710750005', '14', 100),
('7210130710750005', '15', 100),
('7210130710750005', '16', 80),
('7210130710750005', '17', 80),
('7210130710750005', '18', 60),
('7210130710750005', '19', 80),
('7210130710750005', '2', 60),
('7210130710750005', '3', 80),
('7210130710750005', '4', 60),
('7210130710750005', '5', 60),
('7210130710750005', '6', 50),
('7210130710750005', '7', 50),
('7210130710750005', '8', 50),
('7210130710750005', '9', 40),
('7210130712930001', '1', 100),
('7210130712930001', '10', 80),
('7210130712930001', '11', 100),
('7210130712930001', '12', 10),
('7210130712930001', '13', 10),
('7210130712930001', '14', 100),
('7210130712930001', '15', 60),
('7210130712930001', '16', 80),
('7210130712930001', '17', 100),
('7210130712930001', '18', 80),
('7210130712930001', '19', 100),
('7210130712930001', '2', 100),
('7210130712930001', '3', 80),
('7210130712930001', '4', 80),
('7210130712930001', '5', 80),
('7210130712930001', '6', 100),
('7210130712930001', '7', 100),
('7210130712930001', '8', 50),
('7210130712930001', '9', 40),
('72101308000700001', '1', 80),
('72101308000700001', '10', 80),
('72101308000700001', '11', 10),
('72101308000700001', '12', 10),
('72101308000700001', '13', 50),
('72101308000700001', '14', 50),
('72101308000700001', '15', 80),
('72101308000700001', '16', 80),
('72101308000700001', '17', 80),
('72101308000700001', '18', 80),
('72101308000700001', '19', 80),
('72101308000700001', '2', 100),
('72101308000700001', '3', 60),
('72101308000700001', '4', 60),
('72101308000700001', '5', 80),
('72101308000700001', '6', 50),
('72101308000700001', '7', 50),
('72101308000700001', '8', 50),
('72101308000700001', '9', 40),
('7210130808730001', '1', 80),
('7210130808730001', '10', 80),
('7210130808730001', '11', 10),
('7210130808730001', '12', 10),
('7210130808730001', '13', 10),
('7210130808730001', '14', 50),
('7210130808730001', '15', 60),
('7210130808730001', '16', 80),
('7210130808730001', '17', 100),
('7210130808730001', '18', 80),
('7210130808730001', '19', 80),
('7210130808730001', '2', 100),
('7210130808730001', '3', 60),
('7210130808730001', '4', 60),
('7210130808730001', '5', 10),
('7210130808730001', '6', 50),
('7210130808730001', '7', 100),
('7210130808730001', '8', 50),
('7210130808730001', '9', 40),
('7210130808990001', '1', 60),
('7210130808990001', '10', 80),
('7210130808990001', '11', 10),
('7210130808990001', '12', 10),
('7210130808990001', '13', 10),
('7210130808990001', '14', 100),
('7210130808990001', '15', 60),
('7210130808990001', '16', 80),
('7210130808990001', '17', 80),
('7210130808990001', '18', 60),
('7210130808990001', '19', 60),
('7210130808990001', '2', 60),
('7210130808990001', '3', 80),
('7210130808990001', '4', 60),
('7210130808990001', '5', 40),
('7210130808990001', '6', 50),
('7210130808990001', '7', 50),
('7210130808990001', '8', 50),
('7210130808990001', '9', 40),
('7210130904820001', '1', 80),
('7210130904820001', '10', 80),
('7210130904820001', '11', 10),
('7210130904820001', '12', 10),
('7210130904820001', '13', 10),
('7210130904820001', '14', 50),
('7210130904820001', '15', 80),
('7210130904820001', '16', 80),
('7210130904820001', '17', 60),
('7210130904820001', '18', 60),
('7210130904820001', '19', 80),
('7210130904820001', '2', 40),
('7210130904820001', '3', 60),
('7210130904820001', '4', 40),
('7210130904820001', '5', 40),
('7210130904820001', '6', 50),
('7210130904820001', '7', 50),
('7210130904820001', '8', 50),
('7210130904820001', '9', 40),
('7210130909610001', '1', 100),
('7210130909610001', '10', 80),
('7210130909610001', '11', 10),
('7210130909610001', '12', 10),
('7210130909610001', '13', 10),
('7210130909610001', '14', 100),
('7210130909610001', '15', 10),
('7210130909610001', '16', 80),
('7210130909610001', '17', 80),
('7210130909610001', '18', 80),
('7210130909610001', '19', 80),
('7210130909610001', '2', 100),
('7210130909610001', '3', 40),
('7210130909610001', '4', 40),
('7210130909610001', '5', 80),
('7210130909610001', '6', 10),
('7210130909610001', '7', 50),
('7210130909610001', '8', 50),
('7210130909610001', '9', 40),
('7210130909740001', '1', 40),
('7210130909740001', '10', 80),
('7210130909740001', '11', 10),
('7210130909740001', '12', 10),
('7210130909740001', '13', 10),
('7210130909740001', '14', 50),
('7210130909740001', '15', 10),
('7210130909740001', '16', 80),
('7210130909740001', '17', 60),
('7210130909740001', '18', 60),
('7210130909740001', '19', 60),
('7210130909740001', '2', 60),
('7210130909740001', '3', 40),
('7210130909740001', '4', 60),
('7210130909740001', '5', 10),
('7210130909740001', '6', 50),
('7210130909740001', '7', 50),
('7210130909740001', '8', 50),
('7210130909740001', '9', 40),
('7210130909790002', '1', 40),
('7210130909790002', '10', 80),
('7210130909790002', '11', 10),
('7210130909790002', '12', 50),
('7210130909790002', '13', 10),
('7210130909790002', '14', 50),
('7210130909790002', '15', 10),
('7210130909790002', '16', 80),
('7210130909790002', '17', 60),
('7210130909790002', '18', 80),
('7210130909790002', '19', 80),
('7210130909790002', '2', 100),
('7210130909790002', '3', 80),
('7210130909790002', '4', 60),
('7210130909790002', '5', 10),
('7210130909790002', '6', 50),
('7210130909790002', '7', 50),
('7210130909790002', '8', 10),
('7210130909790002', '9', 10),
('7210130909790003', '1', 40),
('7210130909790003', '10', 80),
('7210130909790003', '11', 10),
('7210130909790003', '12', 10),
('7210130909790003', '13', 10),
('7210130909790003', '14', 50),
('7210130909790003', '15', 60),
('7210130909790003', '16', 40),
('7210130909790003', '17', 60),
('7210130909790003', '18', 60),
('7210130909790003', '19', 60),
('7210130909790003', '2', 60),
('7210130909790003', '3', 40),
('7210130909790003', '4', 60),
('7210130909790003', '5', 10),
('7210130909790003', '6', 50),
('7210130909790003', '7', 100),
('7210130909790003', '8', 10),
('7210130909790003', '9', 10),
('7210131002800001', '1', 60),
('7210131002800001', '10', 80),
('7210131002800001', '11', 10),
('7210131002800001', '12', 10),
('7210131002800001', '13', 50),
('7210131002800001', '14', 100),
('7210131002800001', '15', 80),
('7210131002800001', '16', 80),
('7210131002800001', '17', 80),
('7210131002800001', '18', 60),
('7210131002800001', '19', 100),
('7210131002800001', '2', 40),
('7210131002800001', '3', 40),
('7210131002800001', '4', 40),
('7210131002800001', '5', 40),
('7210131002800001', '6', 10),
('7210131002800001', '7', 10),
('7210131002800001', '8', 10),
('7210131002800001', '9', 10),
('7210131005730001', '1', 100),
('7210131005730001', '10', 80),
('7210131005730001', '11', 100),
('7210131005730001', '12', 10),
('7210131005730001', '13', 10),
('7210131005730001', '14', 100),
('7210131005730001', '15', 100),
('7210131005730001', '16', 80),
('7210131005730001', '17', 100),
('7210131005730001', '18', 80),
('7210131005730001', '19', 80),
('7210131005730001', '2', 100),
('7210131005730001', '3', 80),
('7210131005730001', '4', 80),
('7210131005730001', '5', 80),
('7210131005730001', '6', 50),
('7210131005730001', '7', 100),
('7210131005730001', '8', 50),
('7210131005730001', '9', 40),
('721013101820001', '1', 60),
('721013101820001', '10', 80),
('721013101820001', '11', 10),
('721013101820001', '12', 10),
('721013101820001', '13', 10),
('721013101820001', '14', 100),
('721013101820001', '15', 60),
('721013101820001', '16', 80),
('721013101820001', '17', 60),
('721013101820001', '18', 60),
('721013101820001', '19', 100),
('721013101820001', '2', 60),
('721013101820001', '3', 40),
('721013101820001', '4', 80),
('721013101820001', '5', 60),
('721013101820001', '6', 10),
('721013101820001', '7', 10),
('721013101820001', '8', 10),
('721013101820001', '9', 10),
('721013107700034', '1', 40),
('721013107700034', '10', 80),
('721013107700034', '11', 10),
('721013107700034', '12', 10),
('721013107700034', '13', 10),
('721013107700034', '14', 50),
('721013107700034', '15', 80),
('721013107700034', '16', 40),
('721013107700034', '17', 100),
('721013107700034', '18', 60),
('721013107700034', '19', 60),
('721013107700034', '2', 40),
('721013107700034', '3', 60),
('721013107700034', '4', 60),
('721013107700034', '5', 10),
('721013107700034', '6', 50),
('721013107700034', '7', 50),
('721013107700034', '8', 10),
('721013107700034', '9', 10),
('7210131206670001', '1', 100),
('7210131206670001', '10', 80),
('7210131206670001', '11', 10),
('7210131206670001', '12', 10),
('7210131206670001', '13', 10),
('7210131206670001', '14', 50),
('7210131206670001', '15', 10),
('7210131206670001', '16', 80),
('7210131206670001', '17', 60),
('7210131206670001', '18', 60),
('7210131206670001', '19', 60),
('7210131206670001', '2', 100),
('7210131206670001', '3', 60),
('7210131206670001', '4', 60),
('7210131206670001', '5', 60),
('7210131206670001', '6', 50),
('7210131206670001', '7', 50),
('7210131206670001', '8', 50),
('7210131206670001', '9', 40),
('7210131209940001', '1', 100),
('7210131209940001', '10', 80),
('7210131209940001', '11', 100),
('7210131209940001', '12', 10),
('7210131209940001', '13', 10),
('7210131209940001', '14', 100),
('7210131209940001', '15', 60),
('7210131209940001', '16', 80),
('7210131209940001', '17', 80),
('7210131209940001', '18', 80),
('7210131209940001', '19', 80),
('7210131209940001', '2', 100),
('7210131209940001', '3', 60),
('7210131209940001', '4', 60),
('7210131209940001', '5', 40),
('7210131209940001', '6', 50),
('7210131209940001', '7', 50),
('7210131209940001', '8', 50),
('7210131209940001', '9', 40),
('7210131504790001', '1', 100),
('7210131504790001', '10', 80),
('7210131504790001', '11', 10),
('7210131504790001', '12', 10),
('7210131504790001', '13', 10),
('7210131504790001', '14', 50),
('7210131504790001', '15', 80),
('7210131504790001', '16', 80),
('7210131504790001', '17', 60),
('7210131504790001', '18', 80),
('7210131504790001', '19', 60),
('7210131504790001', '2', 100),
('7210131504790001', '3', 40),
('7210131504790001', '4', 60),
('7210131504790001', '5', 60),
('7210131504790001', '6', 50),
('7210131504790001', '7', 10),
('7210131504790001', '8', 50),
('7210131504790001', '9', 40),
('7210131610950001', '1', 40),
('7210131610950001', '10', 80),
('7210131610950001', '11', 10),
('7210131610950001', '12', 10),
('7210131610950001', '13', 10),
('7210131610950001', '14', 50),
('7210131610950001', '15', 80),
('7210131610950001', '16', 80),
('7210131610950001', '17', 80),
('7210131610950001', '18', 60),
('7210131610950001', '19', 80),
('7210131610950001', '2', 100),
('7210131610950001', '3', 60),
('7210131610950001', '4', 60),
('7210131610950001', '5', 60),
('7210131610950001', '6', 50),
('7210131610950001', '7', 50),
('7210131610950001', '8', 50),
('7210131610950001', '9', 40),
('7210131706800001', '1', 40),
('7210131706800001', '10', 80),
('7210131706800001', '11', 100),
('7210131706800001', '12', 10),
('7210131706800001', '13', 10),
('7210131706800001', '14', 100),
('7210131706800001', '15', 100),
('7210131706800001', '16', 80),
('7210131706800001', '17', 80),
('7210131706800001', '18', 80),
('7210131706800001', '19', 100),
('7210131706800001', '2', 40),
('7210131706800001', '3', 40),
('7210131706800001', '4', 60),
('7210131706800001', '5', 10),
('7210131706800001', '6', 50),
('7210131706800001', '7', 50),
('7210131706800001', '8', 10),
('7210131706800001', '9', 10),
('7210131706890002', '1', 60),
('7210131706890002', '10', 80),
('7210131706890002', '11', 10),
('7210131706890002', '12', 10),
('7210131706890002', '13', 10),
('7210131706890002', '14', 50),
('7210131706890002', '15', 10),
('7210131706890002', '16', 80),
('7210131706890002', '17', 60),
('7210131706890002', '18', 60),
('7210131706890002', '19', 80),
('7210131706890002', '2', 60),
('7210131706890002', '3', 40),
('7210131706890002', '4', 60),
('7210131706890002', '5', 10),
('7210131706890002', '6', 50),
('7210131706890002', '7', 100),
('7210131706890002', '8', 10),
('7210131706890002', '9', 10),
('7210132007770001', '1', 80),
('7210132007770001', '10', 80),
('7210132007770001', '11', 100),
('7210132007770001', '12', 10),
('7210132007770001', '13', 10),
('7210132007770001', '14', 50),
('7210132007770001', '15', 60),
('7210132007770001', '16', 80),
('7210132007770001', '17', 80),
('7210132007770001', '18', 80),
('7210132007770001', '19', 60),
('7210132007770001', '2', 80),
('7210132007770001', '3', 40),
('7210132007770001', '4', 40),
('7210132007770001', '5', 60),
('7210132007770001', '6', 50),
('7210132007770001', '7', 50),
('7210132007770001', '8', 50),
('7210132007770001', '9', 40),
('7210132208710001', '1', 100),
('7210132208710001', '10', 80),
('7210132208710001', '11', 10),
('7210132208710001', '12', 50),
('7210132208710001', '13', 10),
('7210132208710001', '14', 50),
('7210132208710001', '15', 100),
('7210132208710001', '16', 80),
('7210132208710001', '17', 100),
('7210132208710001', '18', 80),
('7210132208710001', '19', 100),
('7210132208710001', '2', 100),
('7210132208710001', '3', 60),
('7210132208710001', '4', 60),
('7210132208710001', '5', 80),
('7210132208710001', '6', 50),
('7210132208710001', '7', 10),
('7210132208710001', '8', 50),
('7210132208710001', '9', 40),
('7210132208710002', '1', 80),
('7210132208710002', '10', 80),
('7210132208710002', '11', 10),
('7210132208710002', '12', 10),
('7210132208710002', '13', 10),
('7210132208710002', '14', 50),
('7210132208710002', '15', 80),
('7210132208710002', '16', 80),
('7210132208710002', '17', 80),
('7210132208710002', '18', 60),
('7210132208710002', '19', 60),
('7210132208710002', '2', 80),
('7210132208710002', '3', 60),
('7210132208710002', '4', 60),
('7210132208710002', '5', 60),
('7210132208710002', '6', 50),
('7210132208710002', '7', 50),
('7210132208710002', '8', 50),
('7210132208710002', '9', 40),
('7210132208710003', '1', 40),
('7210132208710003', '10', 80),
('7210132208710003', '11', 10),
('7210132208710003', '12', 10),
('7210132208710003', '13', 10),
('7210132208710003', '14', 50),
('7210132208710003', '15', 10),
('7210132208710003', '16', 80),
('7210132208710003', '17', 60),
('7210132208710003', '18', 60),
('7210132208710003', '19', 80),
('7210132208710003', '2', 40),
('7210132208710003', '3', 40),
('7210132208710003', '4', 40),
('7210132208710003', '5', 60),
('7210132208710003', '6', 50),
('7210132208710003', '7', 50),
('7210132208710003', '8', 10),
('7210132208710003', '9', 10),
('7210132212840001', '1', 40),
('7210132212840001', '10', 80),
('7210132212840001', '11', 10),
('7210132212840001', '12', 10),
('7210132212840001', '13', 10),
('7210132212840001', '14', 50),
('7210132212840001', '15', 10),
('7210132212840001', '16', 40),
('7210132212840001', '17', 60),
('7210132212840001', '18', 60),
('7210132212840001', '19', 60),
('7210132212840001', '2', 40),
('7210132212840001', '3', 40),
('7210132212840001', '4', 60),
('7210132212840001', '5', 10),
('7210132212840001', '6', 50),
('7210132212840001', '7', 50),
('7210132212840001', '8', 50),
('7210132212840001', '9', 40),
('7210132512890001', '1', 40),
('7210132512890001', '10', 80),
('7210132512890001', '11', 100),
('7210132512890001', '12', 50),
('7210132512890001', '13', 50),
('7210132512890001', '14', 100),
('7210132512890001', '15', 100),
('7210132512890001', '16', 80),
('7210132512890001', '17', 100),
('7210132512890001', '18', 60),
('7210132512890001', '19', 60),
('7210132512890001', '2', 100),
('7210132512890001', '3', 60),
('7210132512890001', '4', 60),
('7210132512890001', '5', 10),
('7210132512890001', '6', 50),
('7210132512890001', '7', 50),
('7210132512890001', '8', 50),
('7210132512890001', '9', 40),
('7210132758890001', '1', 10),
('7210132758890001', '10', 80),
('7210132758890001', '11', 10),
('7210132758890001', '12', 10),
('7210132758890001', '13', 10),
('7210132758890001', '14', 50),
('7210132758890001', '15', 10),
('7210132758890001', '16', 80),
('7210132758890001', '17', 60),
('7210132758890001', '18', 60),
('7210132758890001', '19', 80),
('7210132758890001', '2', 100),
('7210132758890001', '3', 40),
('7210132758890001', '4', 40),
('7210132758890001', '5', 60),
('7210132758890001', '6', 10),
('7210132758890001', '7', 50),
('7210132758890001', '8', 50),
('7210132758890001', '9', 40),
('7210133017840002', '1', 60),
('7210133017840002', '10', 80),
('7210133017840002', '11', 10),
('7210133017840002', '12', 50),
('7210133017840002', '13', 10),
('7210133017840002', '14', 50),
('7210133017840002', '15', 10),
('7210133017840002', '16', 80),
('7210133017840002', '17', 10),
('7210133017840002', '18', 60),
('7210133017840002', '19', 60),
('7210133017840002', '2', 40),
('7210133017840002', '3', 40),
('7210133017840002', '4', 60),
('7210133017840002', '5', 40),
('7210133017840002', '6', 10),
('7210133017840002', '7', 10),
('7210133017840002', '8', 50),
('7210133017840002', '9', 40),
('7210133103700001', '1', 80),
('7210133103700001', '10', 80),
('7210133103700001', '11', 10),
('7210133103700001', '12', 10),
('7210133103700001', '13', 50),
('7210133103700001', '14', 50),
('7210133103700001', '15', 60),
('7210133103700001', '16', 80),
('7210133103700001', '17', 80),
('7210133103700001', '18', 80),
('7210133103700001', '19', 80),
('7210133103700001', '2', 60),
('7210133103700001', '3', 40),
('7210133103700001', '4', 60),
('7210133103700001', '5', 40),
('7210133103700001', '6', 10),
('7210133103700001', '7', 10),
('7210133103700001', '8', 50),
('7210133103700001', '9', 40),
('7210133112470001', '1', 40),
('7210133112470001', '10', 80),
('7210133112470001', '11', 10),
('7210133112470001', '12', 10),
('7210133112470001', '13', 10),
('7210133112470001', '14', 50),
('7210133112470001', '15', 10),
('7210133112470001', '16', 40),
('7210133112470001', '17', 60),
('7210133112470001', '18', 60),
('7210133112470001', '19', 60);
INSERT INTO `tab_topsis` (`NIK`, `id_kriteria`, `nilai`) VALUES
('7210133112470001', '2', 40),
('7210133112470001', '3', 40),
('7210133112470001', '4', 60),
('7210133112470001', '5', 40),
('7210133112470001', '6', 50),
('7210133112470001', '7', 100),
('7210133112470001', '8', 10),
('7210133112470001', '9', 10),
('7210134107460006', '1', 60),
('7210134107460006', '10', 80),
('7210134107460006', '11', 10),
('7210134107460006', '12', 10),
('7210134107460006', '13', 10),
('7210134107460006', '14', 50),
('7210134107460006', '15', 80),
('7210134107460006', '16', 80),
('7210134107460006', '17', 100),
('7210134107460006', '18', 80),
('7210134107460006', '19', 80),
('7210134107460006', '2', 60),
('7210134107460006', '3', 60),
('7210134107460006', '4', 80),
('7210134107460006', '5', 60),
('7210134107460006', '6', 50),
('7210134107460006', '7', 50),
('7210134107460006', '8', 50),
('7210134107460006', '9', 40),
('7210134107570002', '1', 80),
('7210134107570002', '10', 80),
('7210134107570002', '11', 100),
('7210134107570002', '12', 10),
('7210134107570002', '13', 10),
('7210134107570002', '14', 50),
('7210134107570002', '15', 60),
('7210134107570002', '16', 80),
('7210134107570002', '17', 100),
('7210134107570002', '18', 60),
('7210134107570002', '19', 80),
('7210134107570002', '2', 80),
('7210134107570002', '3', 60),
('7210134107570002', '4', 40),
('7210134107570002', '5', 40),
('7210134107570002', '6', 50),
('7210134107570002', '7', 100),
('7210134107570002', '8', 50),
('7210134107570002', '9', 40),
('7210134107580015', '1', 40),
('7210134107580015', '10', 80),
('7210134107580015', '11', 10),
('7210134107580015', '12', 10),
('7210134107580015', '13', 10),
('7210134107580015', '14', 50),
('7210134107580015', '15', 10),
('7210134107580015', '16', 10),
('7210134107580015', '17', 60),
('7210134107580015', '18', 60),
('7210134107580015', '19', 60),
('7210134107580015', '2', 40),
('7210134107580015', '3', 40),
('7210134107580015', '4', 40),
('7210134107580015', '5', 10),
('7210134107580015', '6', 50),
('7210134107580015', '7', 50),
('7210134107580015', '8', 50),
('7210134107580015', '9', 40),
('7210134107670009', '1', 80),
('7210134107670009', '10', 80),
('7210134107670009', '11', 10),
('7210134107670009', '12', 10),
('7210134107670009', '13', 10),
('7210134107670009', '14', 50),
('7210134107670009', '15', 10),
('7210134107670009', '16', 80),
('7210134107670009', '17', 60),
('7210134107670009', '18', 60),
('7210134107670009', '19', 100),
('7210134107670009', '2', 80),
('7210134107670009', '3', 40),
('7210134107670009', '4', 60),
('7210134107670009', '5', 10),
('7210134107670009', '6', 50),
('7210134107670009', '7', 100),
('7210134107670009', '8', 10),
('7210134107670009', '9', 40),
('7210134107670054', '1', 10),
('7210134107670054', '10', 80),
('7210134107670054', '11', 10),
('7210134107670054', '12', 10),
('7210134107670054', '13', 10),
('7210134107670054', '14', 50),
('7210134107670054', '15', 10),
('7210134107670054', '16', 40),
('7210134107670054', '17', 60),
('7210134107670054', '18', 60),
('7210134107670054', '19', 80),
('7210134107670054', '2', 40),
('7210134107670054', '3', 60),
('7210134107670054', '4', 40),
('7210134107670054', '5', 10),
('7210134107670054', '6', 50),
('7210134107670054', '7', 50),
('7210134107670054', '8', 10),
('7210134107670054', '9', 10),
('7210134107710015', '1', 60),
('7210134107710015', '10', 80),
('7210134107710015', '11', 10),
('7210134107710015', '12', 10),
('7210134107710015', '13', 10),
('7210134107710015', '14', 50),
('7210134107710015', '15', 80),
('7210134107710015', '16', 80),
('7210134107710015', '17', 80),
('7210134107710015', '18', 60),
('7210134107710015', '19', 80),
('7210134107710015', '2', 60),
('7210134107710015', '3', 80),
('7210134107710015', '4', 60),
('7210134107710015', '5', 80),
('7210134107710015', '6', 50),
('7210134107710015', '7', 100),
('7210134107710015', '8', 10),
('7210134107710015', '9', 10),
('7210134107770015', '1', 10),
('7210134107770015', '10', 80),
('7210134107770015', '11', 10),
('7210134107770015', '12', 10),
('7210134107770015', '13', 10),
('7210134107770015', '14', 50),
('7210134107770015', '15', 10),
('7210134107770015', '16', 40),
('7210134107770015', '17', 60),
('7210134107770015', '18', 60),
('7210134107770015', '19', 60),
('7210134107770015', '2', 10),
('7210134107770015', '3', 10),
('7210134107770015', '4', 40),
('7210134107770015', '5', 10),
('7210134107770015', '6', 50),
('7210134107770015', '7', 100),
('7210134107770015', '8', 10),
('7210134107770015', '9', 10),
('7210134107790007', '1', 10),
('7210134107790007', '10', 80),
('7210134107790007', '11', 10),
('7210134107790007', '12', 50),
('7210134107790007', '13', 10),
('7210134107790007', '14', 100),
('7210134107790007', '15', 80),
('7210134107790007', '16', 80),
('7210134107790007', '17', 60),
('7210134107790007', '18', 60),
('7210134107790007', '19', 60),
('7210134107790007', '2', 100),
('7210134107790007', '3', 40),
('7210134107790007', '4', 60),
('7210134107790007', '5', 60),
('7210134107790007', '6', 50),
('7210134107790007', '7', 50),
('7210134107790007', '8', 50),
('7210134107790007', '9', 40),
('7210134107880030', '1', 80),
('7210134107880030', '10', 80),
('7210134107880030', '11', 100),
('7210134107880030', '12', 10),
('7210134107880030', '13', 10),
('7210134107880030', '14', 100),
('7210134107880030', '15', 60),
('7210134107880030', '16', 80),
('7210134107880030', '17', 80),
('7210134107880030', '18', 60),
('7210134107880030', '19', 100),
('7210134107880030', '2', 100),
('7210134107880030', '3', 60),
('7210134107880030', '4', 60),
('7210134107880030', '5', 60),
('7210134107880030', '6', 50),
('7210134107880030', '7', 100),
('7210134107880030', '8', 50),
('7210134107880030', '9', 40),
('7210134112930001', '1', 40),
('7210134112930001', '10', 80),
('7210134112930001', '11', 10),
('7210134112930001', '12', 10),
('7210134112930001', '13', 10),
('7210134112930001', '14', 50),
('7210134112930001', '15', 10),
('7210134112930001', '16', 80),
('7210134112930001', '17', 60),
('7210134112930001', '18', 60),
('7210134112930001', '19', 60),
('7210134112930001', '2', 60),
('7210134112930001', '3', 80),
('7210134112930001', '4', 60),
('7210134112930001', '5', 10),
('7210134112930001', '6', 50),
('7210134112930001', '7', 100),
('7210134112930001', '8', 50),
('7210134112930001', '9', 40),
('7210134705580001', '1', 80),
('7210134705580001', '10', 80),
('7210134705580001', '11', 10),
('7210134705580001', '12', 10),
('7210134705580001', '13', 10),
('7210134705580001', '14', 100),
('7210134705580001', '15', 100),
('7210134705580001', '16', 80),
('7210134705580001', '17', 80),
('7210134705580001', '18', 80),
('7210134705580001', '19', 60),
('7210134705580001', '2', 40),
('7210134705580001', '3', 40),
('7210134705580001', '4', 40),
('7210134705580001', '5', 60),
('7210134705580001', '6', 10),
('7210134705580001', '7', 10),
('7210134705580001', '8', 50),
('7210134705580001', '9', 40),
('7210135001730003', '1', 100),
('7210135001730003', '10', 80),
('7210135001730003', '11', 100),
('7210135001730003', '12', 10),
('7210135001730003', '13', 10),
('7210135001730003', '14', 100),
('7210135001730003', '15', 100),
('7210135001730003', '16', 80),
('7210135001730003', '17', 100),
('7210135001730003', '18', 80),
('7210135001730003', '19', 100),
('7210135001730003', '2', 60),
('7210135001730003', '3', 80),
('7210135001730003', '4', 60),
('7210135001730003', '5', 60),
('7210135001730003', '6', 100),
('7210135001730003', '7', 100),
('7210135001730003', '8', 50),
('7210135001730003', '9', 40),
('721130504700001', '1', 60),
('721130504700001', '10', 80),
('721130504700001', '11', 10),
('721130504700001', '12', 50),
('721130504700001', '13', 10),
('721130504700001', '14', 50),
('721130504700001', '15', 80),
('721130504700001', '16', 80),
('721130504700001', '17', 60),
('721130504700001', '18', 80),
('721130504700001', '19', 60),
('721130504700001', '2', 40),
('721130504700001', '3', 60),
('721130504700001', '4', 60),
('721130504700001', '5', 40),
('721130504700001', '6', 50),
('721130504700001', '7', 10),
('721130504700001', '8', 10),
('721130504700001', '9', 10);

--
-- Indexes for dumped tables
--

--
-- Indexes for table `hasil`
--
ALTER TABLE `hasil`
  ADD PRIMARY KEY (`NIK`);

--
-- Indexes for table `login`
--
ALTER TABLE `login`
  ADD PRIMARY KEY (`Username`);

--
-- Indexes for table `masyarakat`
--
ALTER TABLE `masyarakat`
  ADD PRIMARY KEY (`NIK`);

--
-- Indexes for table `tab_kriteria`
--
ALTER TABLE `tab_kriteria`
  ADD PRIMARY KEY (`id_kriteria`);

--
-- Indexes for table `tab_poin`
--
ALTER TABLE `tab_poin`
  ADD PRIMARY KEY (`id_poin`);

--
-- Indexes for table `tab_sub`
--
ALTER TABLE `tab_sub`
  ADD PRIMARY KEY (`id_kriteria_sub`);

--
-- Indexes for table `tab_topsis`
--
ALTER TABLE `tab_topsis`
  ADD PRIMARY KEY (`NIK`,`id_kriteria`);

--
-- AUTO_INCREMENT for dumped tables
--

--
-- AUTO_INCREMENT for table `tab_sub`
--
ALTER TABLE `tab_sub`
  MODIFY `id_kriteria_sub` int(11) NOT NULL AUTO_INCREMENT, AUTO_INCREMENT=119;
--
-- Constraints for dumped tables
--

--
-- Constraints for table `hasil`
--
ALTER TABLE `hasil`
  ADD CONSTRAINT `fk_hasil_1` FOREIGN KEY (`NIK`) REFERENCES `masyarakat` (`NIK`) ON DELETE CASCADE ON UPDATE CASCADE;

--
-- Constraints for table `tab_topsis`
--
ALTER TABLE `tab_topsis`
  ADD CONSTRAINT `fk_tab_topsis_1` FOREIGN KEY (`NIK`) REFERENCES `masyarakat` (`NIK`) ON DELETE CASCADE ON UPDATE CASCADE;

/*!40101 SET CHARACTER_SET_CLIENT=@OLD_CHARACTER_SET_CLIENT */;
/*!40101 SET CHARACTER_SET_RESULTS=@OLD_CHARACTER_SET_RESULTS */;
/*!40101 SET COLLATION_CONNECTION=@OLD_COLLATION_CONNECTION */;
